<?xml version="1.0" encoding="utf-8"?>
<!-- BINGIE -->
<window id="1119">
    <defaultcontrol always="true">77777</defaultcontrol>
    <menucontrol>900</menucontrol>
    <include>CustomBingieWinProps</include>
    <include>BingieViews_WindowOpen_Fade</include>
    <controls>
		<include>Defs_TMDbBingieHelper_Loader</include>
		<!-- Global Background -->
		<include>GlobalBackground</include>
        <!--NowPlaying-->
        <include>NowPlayingBackground</include>
        <!-- hidden submenu for count calculations -->
        <include condition="!Skin.HasSetting(DisableAllSubmenus)">hiddenSubmenu</include>
		<control type="group">
			<visible>!Player.HasVideo</visible>
			<control type="group">
				<control type="image">
					<width>1920</width>
					<height>1080</height>
					<aspectratio>scale</aspectratio>
					<texture>colors/color_black.png</texture>
				</control>
				<control type="image">
					<width>1920</width>
					<height>1080</height>
					<aspectratio>scale</aspectratio>
					<fadetime>400</fadetime>
					<animation effect="fade" time="400">VisibleChange</animation>
					<texture background="true">$VAR[CategoriesRandomArt]</texture>
				</control>
				<control type="image">
					<width>1920</width>
					<height>1080</height>
					<texture background="true">overlays/gradient_categories.png</texture>
				</control>
				<control type="image">
					<width>1920</width>
					<height>1080</height>
					<texture background="true">overlays/gradient_screensaver.png</texture>
				</control>
			</control>						
			<control type="group">
				<top>820</top>
				<left>1350</left>
				<control type="image" id="9005">
					<height>190</height>                                     
					<width>490</width>
					<align>right</align>
					<fadetime>350</fadetime>
					<aspectratio align="right" aligny="center">keep</aspectratio>
					<texture background="true" fallback="colors/color_transparent.png">$VAR[CategoriesRandomClearLogo]</texture>
				</control>
			</control>	
			<control type="group">
				<top>820</top>
				<left>1310</left>
				<control type="textbox" id="9006">
					<visible>String.EndsWith(Control.GetLabel(9005),color_transparent.png)</visible>
					<height>194</height>
					<width>540</width>
					<font>title</font> 
					<align>right</align>
					<aligny>center</aligny>
					<textcolor>$INFO[Skin.String(BingieLabelTextColor)]</textcolor>
					<label>$VAR[CategoriesRandomTitle]</label>
					<autoscroll delay="4000" time="2000" repeat="6000">true</autoscroll>
				</control>
			</control>
		</control>	
        <control type="list" id="77777">
        <orientation>vertical</orientation>
        <top>81</top>
        <left>137</left>
		<onleft condition="$EXP[IsBingieViewsActive]">SetFocus(900,$INFO[Window(Home).Property(menupos)])</onleft>
		<onback condition="$EXP[IsBingieViewsActive]">900</onback>
		<onback condition="$EXP[IsBingieViewsActive]">SetFocus(900,$INFO[Window(Home).Property(menupos)])</onback>
        <animation effect="fade" start="0" end="100" time="400">Visible</animation>
        <itemlayout width="600" height="90">
          <control type="label">
			<posx>32</posx>
			<height>70</height>
			<aligny>center</aligny>
            <label>$INFO[ListItem.Label]</label>
            <align>left</align>
            <font>category</font>
			<textcolor>$INFO[Skin.String(BingiePrimaryTextColor)]</textcolor>
			<animation end="50" effect="fade" time="0" condition="true">Conditional</animation>
          </control>
        </itemlayout>
        <focusedlayout width="600" height="90">
		<control type="image">
			<posy>1</posy>
			<width>10</width>
			<height>70</height>
			<texture background="true" colordiffuse="$VAR[CategoriesColors]">bingie/line.png</texture>
		</control>
        <control type="label">
			<posx>32</posx>
			<height>70</height>
            <align>left</align>
			<aligny>center</aligny>
            <label>$INFO[ListItem.Label]</label>
            <font>Bold50</font>
            <textcolor>$INFO[Skin.String(BingiePrimaryTextColor)]</textcolor>
          </control>
        </focusedlayout>
        <content>			
			<item id="1">
                <label>$VAR[widget_label_shortcuts_1]</label>
				<label2>$LOCALIZE[31469]</label2>
                <property name="DBTYPE">category</property>
                <property name="path">$VAR[ActionAdvantureMoviesWidget]</property>
                <onclick>SetProperty(category,actionadventure,home)</onclick>
				<onclick>SetProperty(categorylabel,$VAR[widget_label_shortcuts_1],home)</onclick>
                <onclick>ActivateWindow(1117,return)</onclick>
				<visible>!Skin.HasSetting(categories_list_action)</visible>
            </item>
			<item id="2">
                <label>$VAR[widget_label_shortcuts_2]</label>
				<label2>$LOCALIZE[31456]</label2>
                <property name="DBTYPE">category</property>
                <property name="path">$VAR[DramaMoviesWidget]</property>
                <onclick>SetProperty(category,dramas,home)</onclick>
				<onclick>SetProperty(categorylabel,$VAR[widget_label_shortcuts_2],home)</onclick>
                <onclick>ActivateWindow(1117,return)</onclick>
				<visible>!Skin.HasSetting(categories_list_dramas)</visible>
            </item>
			<item id="3">
                <label>$VAR[widget_label_shortcuts_3]</label>
				<label2>$LOCALIZE[31457]</label2>
                <property name="DBTYPE">category</property>
                <property name="path">$VAR[ComedyMoviesWidget]</property>
				<onclick>SetProperty(category,comedies,home)</onclick>
				<onclick>SetProperty(categorylabel,$VAR[widget_label_shortcuts_3],home)</onclick>
                <onclick>ActivateWindow(1117,return)</onclick>
				<visible>!Skin.HasSetting(categories_list_comedies)</visible>
            </item>
			<item id="4">
                <label>$VAR[widget_label_shortcuts_4]</label>
				<label2>$LOCALIZE[31451]</label2>
                <property name="DBTYPE">category</property>
                <property name="path">$VAR[FamilyMoviesWidget]</property>
				<onclick>SetProperty(category,kidsfamily,home)</onclick>
				<onclick>SetProperty(categorylabel,$VAR[widget_label_shortcuts_4],home)</onclick>
                <onclick>ActivateWindow(1117,return)</onclick>
				<visible>!Skin.HasSetting(categories_list_family)</visible>
            </item>
			<item id="5">
                <label>$VAR[widget_label_shortcuts_5]</label>
			    <label2>$LOCALIZE[31452]</label2>
                <property name="DBTYPE">category</property>
                <property name="path">$VAR[HorrorMoviesWidget]</property>
                <onclick>SetProperty(category,horror,home)</onclick>
				<onclick>SetProperty(categorylabel,$VAR[widget_label_shortcuts_5],home)</onclick>
                <onclick>ActivateWindow(1117,return)</onclick>
				<visible>!Skin.HasSetting(categories_list_horror)</visible>
            </item>
			<item id="6">
                <label>$VAR[widget_label_shortcuts_6]</label>
				<label2>$LOCALIZE[31159]</label2>
                <property name="DBTYPE">category</property>
                <property name="path">$VAR[DocumentaryMoviesWidget]</property>
                <onclick>SetProperty(category,documentaries,home)</onclick>
				<onclick>SetProperty(categorylabel,$VAR[widget_label_shortcuts_6],home)</onclick>
                <onclick>ActivateWindow(1117,return)</onclick>
				<visible>!Skin.HasSetting(categories_list_documentaries)</visible>
            </item>
			<item id="7">
                <label>$VAR[widget_label_shortcuts_7]</label>
				<label2>$LOCALIZE[31046]</label2>
                <property name="DBTYPE">category</property>
                <property name="path">$VAR[AnimeMoviesWidget]</property>
                <onclick>SetProperty(category,anime,home)</onclick>
				<onclick>SetProperty(categorylabel,$VAR[widget_label_shortcuts_7],home)</onclick>
                <onclick>ActivateWindow(1117,return)</onclick>
				<visible>!Skin.HasSetting(categories_list_anime)</visible>
            </item>
			<item id="8">
                <label>$VAR[widget_label_shortcuts_8]</label>
				<label2>$LOCALIZE[31448]</label2>
                <property name="DBTYPE">category</property>
                <property name="path">$VAR[CrimeMoviesWidget]</property>
                <onclick>SetProperty(category,crime,home)</onclick>
				<onclick>SetProperty(categorylabel,$VAR[widget_label_shortcuts_8],home)</onclick>
                <onclick>ActivateWindow(1117,return)</onclick>
				<visible>!Skin.HasSetting(categories_list_crime)</visible>
            </item>
			<item id="9">
                <label>$VAR[widget_label_shortcuts_9]</label>
				<label2>$LOCALIZE[31446]</label2>
                <property name="DBTYPE">category</property>
                <property name="path">$VAR[FantasyMoviesWidget]</property>
                <onclick>SetProperty(category,fantasy,home)</onclick>
				<onclick>SetProperty(categorylabel,$VAR[widget_label_shortcuts_9],home)</onclick>
                <onclick>ActivateWindow(1117,return)</onclick>
				<visible>!Skin.HasSetting(categories_list_fantasy)</visible>
            </item>
			<item id="10">
                <label>$VAR[widget_label_shortcuts_10]</label>
				<label2>$LOCALIZE[31442]</label2>
                <property name="DBTYPE">category</property>
                <property name="path">$VAR[HistoryWarMoviesWidget]</property>
                <onclick>SetProperty(category,historywar,home)</onclick>
				<onclick>SetProperty(categorylabel,$VAR[widget_label_shortcuts_10],home)</onclick>
                <onclick>ActivateWindow(1117,return)</onclick>
				<visible>!Skin.HasSetting(categories_list_history)</visible>
            </item>
			<item id="11">
                <label>$VAR[widget_label_shortcuts_11]</label>
				<label2>$LOCALIZE[31435]</label2>
                <property name="DBTYPE">category</property>
                <property name="path">$VAR[AnimationMoviesWidget]</property>
                <onclick>SetProperty(category,animations,home)</onclick>
				<onclick>SetProperty(categorylabel,$VAR[widget_label_shortcuts_11],home)</onclick>
                <onclick>ActivateWindow(1117,return)</onclick>
				<visible>!Skin.HasSetting(categories_list_animations)</visible>
            </item>
			<item id="12">
                <label>$VAR[widget_label_shortcuts_12]</label>
				<label2>$LOCALIZE[31049]</label2>
                <property name="DBTYPE">category</property>
                <property name="path">$VAR[MusicMoviesWidget]</property>
                <onclick>SetProperty(category,musicmusicals,home)</onclick>
				<onclick>SetProperty(categorylabel,$VAR[widget_label_shortcuts_12],home)</onclick>
                <onclick>ActivateWindow(1117,return)</onclick>
				<visible>!Skin.HasSetting(categories_list_musicals)</visible>
            </item>
			<item id="13">
                <label>$VAR[widget_label_shortcuts_13]</label>
				<label2>$LOCALIZE[31427]</label2>
                <property name="DBTYPE">category</property>
                <property name="path">$VAR[RomanceMoviesWidget]</property>
                <onclick>SetProperty(category,romance,home)</onclick>
				<onclick>SetProperty(categorylabel,$VAR[widget_label_shortcuts_13],home)</onclick>
                <onclick>ActivateWindow(1117,return)</onclick>
				<visible>!Skin.HasSetting(categories_list_romance)</visible>
            </item>
			<item id="14">
                <label>$VAR[widget_label_shortcuts_14]</label>
				<label2>$LOCALIZE[31428]</label2>
                <property name="DBTYPE">category</property>
                <property name="path">$VAR[SciFiMoviesWidget]</property>
                <onclick>SetProperty(category,scifi,home)</onclick>
				<onclick>SetProperty(categorylabel,$VAR[widget_label_shortcuts_14],home)</onclick>
                <onclick>ActivateWindow(1117,return)</onclick>
				<visible>!Skin.HasSetting(categories_list_scifi)</visible>
            </item>
			<item id="15">
                <label>$VAR[widget_label_shortcuts_15]</label>
				<label2>$LOCALIZE[31414]</label2>
                <property name="DBTYPE">category</property>
                <property name="path">$VAR[MysteryMoviesWidget]</property>
                <onclick>SetProperty(category,mysteries,home)</onclick>
				<onclick>SetProperty(categorylabel,$VAR[widget_label_shortcuts_15],home)</onclick>
                <onclick>ActivateWindow(1117,return)</onclick>
				<visible>!Skin.HasSetting(categories_list_mysteries)</visible>
            </item>
			<item id="16">
                <label>$VAR[widget_label_shortcuts_16]</label>
				<label2>$LOCALIZE[31398]</label2>
                <property name="DBTYPE">category</property>
                <property name="path">$VAR[ThrillerMoviesWidget]</property>
                <onclick>SetProperty(category,thriller,home)</onclick>
				<onclick>SetProperty(categorylabel,$VAR[widget_label_shortcuts_16],home)</onclick>
                <onclick>ActivateWindow(1117,return)</onclick>
				<visible>!Skin.HasSetting(categories_list_thriller)</visible>
            </item>
			<item id="17">
                <label>$VAR[widget_label_shortcuts_17]</label>
				<label2>$LOCALIZE[31399]</label2>
                <property name="DBTYPE">category</property>
                <property name="path">$VAR[WesternMoviesWidget]</property>
                <onclick>SetProperty(category,westerns,home)</onclick>
				<onclick>SetProperty(categorylabel,$VAR[widget_label_shortcuts_17],home)</onclick>
                <onclick>ActivateWindow(1117,return)</onclick>
				<visible>!Skin.HasSetting(categories_list_westerns)</visible>
            </item>
			<item id="18">
                <label>$VAR[widget_label_shortcuts_18]</label>
				<label2>$LOCALIZE[31386]</label2>
                <property name="DBTYPE">category</property>
                <property name="path">$VAR[ActionAdvantureTVShowsWidget]</property>
                <onclick>SetProperty(category,TVactionadventure,home)</onclick>
				<onclick>SetProperty(categorylabel,$VAR[widget_label_shortcuts_18],home)</onclick>
                <onclick>ActivateWindow(1117,return)</onclick>
				<visible>!Skin.HasSetting(categories_list_tvaction)</visible>
            </item>
			<item id="19">
                <label>$VAR[widget_label_shortcuts_19]</label>
				<label2>$LOCALIZE[31381]</label2>
                <property name="DBTYPE">category</property>
                <property name="path">$VAR[DramaTVShowsWidget]</property>
                <onclick>SetProperty(category,TVdramas,home)</onclick>
				<onclick>SetProperty(categorylabel,$VAR[widget_label_shortcuts_19],home)</onclick>
                <onclick>ActivateWindow(1117,return)</onclick>
				<visible>!Skin.HasSetting(categories_list_tvdramas)</visible>
            </item>
			<item id="20">
                <label>$VAR[widget_label_shortcuts_20]</label>
				<label2>$LOCALIZE[31382]</label2>
                <property name="DBTYPE">category</property>
                <property name="path">$VAR[ComedyTVShowsWidget]</property>
                <onclick>SetProperty(category,TVcomedies,home)</onclick>
				<onclick>SetProperty(categorylabel,$VAR[widget_label_shortcuts_20],home)</onclick>
                <onclick>ActivateWindow(1117,return)</onclick>
				<visible>!Skin.HasSetting(categories_list_tvcomedies)</visible>
            </item>
			<item id="21">
                <label>$VAR[widget_label_shortcuts_21]</label>
				<label2>$LOCALIZE[31376]</label2>
                <property name="DBTYPE">category</property>
                <property name="path">$VAR[FamilyTVShowsWidget]</property>
                <onclick>SetProperty(category,TVkidsfamily,home)</onclick>
				<onclick>SetProperty(categorylabel,$VAR[widget_label_shortcuts_21],home)</onclick>
                <onclick>ActivateWindow(1117,return)</onclick>
				<visible>!Skin.HasSetting(categories_list_tvfamily)</visible>
            </item>
			<item id="22">
                <label>$VAR[widget_label_shortcuts_22]</label>
				<label2>$LOCALIZE[31377]</label2>
                <property name="DBTYPE">category</property>
                <property name="path">$VAR[DocumentaryTVShowsWidget]</property>
                <onclick>SetProperty(category,TVdocumentaries,home)</onclick>
				<onclick>SetProperty(categorylabel,$VAR[widget_label_shortcuts_22],home)</onclick>
                <onclick>ActivateWindow(1117,return)</onclick>
				<visible>!Skin.HasSetting(categories_list_tvdocumentaries)</visible>
            </item>
			<item id="23">
                <label>$VAR[widget_label_shortcuts_23]</label>
				<label2>$LOCALIZE[31372]</label2>
                <property name="DBTYPE">category</property>
                <property name="path">$VAR[CrimeTVShowsWidget]</property>
                <onclick>SetProperty(category,TVcrime,home)</onclick>
				<onclick>SetProperty(categorylabel,$VAR[widget_label_shortcuts_23],home)</onclick>
                <onclick>ActivateWindow(1117,return)</onclick>
				<visible>!Skin.HasSetting(categories_list_tvcrime)</visible>
            </item>
			<item id="24">
                <label>$VAR[widget_label_shortcuts_24]</label>
				<label2>$LOCALIZE[31373]</label2>
                <property name="DBTYPE">category</property>
                <property name="path">$VAR[SciFiFantasyTVShowsWidget]</property>
                <onclick>SetProperty(category,TVscififantasy,home)</onclick>
				<onclick>SetProperty(categorylabel,$VAR[widget_label_shortcuts_24],home)</onclick>
                <onclick>ActivateWindow(1117,return)</onclick>
				<visible>!Skin.HasSetting(categories_list_tvfantasy)</visible>
            </item>
			<item id="25">
                <label>$VAR[widget_label_shortcuts_25]</label>
				<label2>$LOCALIZE[31374]</label2>
                <property name="DBTYPE">category</property>
                <property name="path">$VAR[WarPoliticsTVShowsWidget]</property>
                <onclick>SetProperty(category,TVwarpolitics,home)</onclick>
				<onclick>SetProperty(categorylabel,$VAR[widget_label_shortcuts_25],home)</onclick>
                <onclick>ActivateWindow(1117,return)</onclick>
				<visible>!Skin.HasSetting(categories_list_tvwar)</visible>
            </item>
			<item id="26">
                <label>$VAR[widget_label_shortcuts_26]</label>
				<label2>$LOCALIZE[31364]</label2>
                <property name="DBTYPE">category</property>
                <property name="path">$VAR[AnimationTVShowsWidget]</property>
                <onclick>SetProperty(category,TVanimations,home)</onclick>
				<onclick>SetProperty(categorylabel,$VAR[widget_label_shortcuts_26],home)</onclick>
                <onclick>ActivateWindow(1117,return)</onclick>
				<visible>!Skin.HasSetting(categories_list_tvanimations)</visible>
            </item>
			<item id="27">
                <label>$VAR[widget_label_shortcuts_27]</label>
				<label2>$LOCALIZE[31352]</label2>
                <property name="DBTYPE">category</property>
                <property name="path">$VAR[MysteryTVShowsWidget]</property>
                <onclick>SetProperty(category,TVmysteries,home)</onclick>
				<onclick>SetProperty(categorylabel,$VAR[widget_label_shortcuts_27],home)</onclick>
                <onclick>ActivateWindow(1117,return)</onclick>
				<visible>!Skin.HasSetting(categories_list_tvmysteries)</visible>
            </item>
			<item id="28">
                <label>$VAR[widget_label_shortcuts_28]</label>
				<label2>$LOCALIZE[31353]</label2>
                <property name="DBTYPE">category</property>
                <property name="path">$VAR[WesternTVShowsWidget]</property>
                <onclick>SetProperty(category,TVwesterns,home)</onclick>
				<onclick>SetProperty(categorylabel,$VAR[widget_label_shortcuts_28],home)</onclick>
                <onclick>ActivateWindow(1117,return)</onclick>
				<visible>!Skin.HasSetting(categories_list_tvwesterns)</visible>
            </item>			
        </content>
    </control>
	<!--Header-->
	<include>Header</include>
	    <include content="Dim_Overlay">
            <param name="visibility" value="$EXP[IsMainMenuOpened]" />
        </include>
	<include>BingieSideBladeMainMenu</include>
		<!-- Snow Effect -->
        <include condition="Skin.HasSetting(EnableSnowAnimation)">SnowAnimation</include>
    </controls>
</window>
