<?xml version="1.0" encoding="utf-8"?>
<!-- BINGIE -->
<window type="dialog" id="1105">
    <onload>SetFocus($INFO[Window(Home).Property(SkinSettingSection)])</onload>
    <onload>SetFocus(1000)</onload>
    <onunload>ClearProperty(SkinSettingSection,Home)</onunload>
	<onunload condition="!Skin.HasSetting(EnableRatings)">Skin.SetBool(TMDbBingieHelper.DisableRatings)</onunload>
    <onunload condition="Skin.HasSetting(EnableRatings)">Skin.Reset(TMDbBingieHelper.DisableRatings)</onunload>
    <controls>
        <!--Dialog Overlay-->
		<control type="group">
			<include>DialogOverlayExtra</include>
			<animation effect="fade" time="250" start="0" end="100" reversible="false">WindowOpen</animation>
			<animation effect="fade" time="250" start="100" end="0" reversible="false">WindowClose</animation>
        </control>
		
        <control type="group">
			<animation type="WindowOpen">
				<effect type="slide" start="1200" end="0" time="250" tween="cubic" easing="inout" />
			</animation>
			<animation type="WindowClose">
				<effect type="slide" start="0" end="1200" time="250" tween="cubic" easing="inout" />
			</animation>
            <!--Panel-->
            <control type="image">
                <posx>630</posx>
                <posy>0</posy>
                <width>1340</width>
                <height>100%</height>
				<texture>diffuse/panel2.png</texture>
				<colordiffuse>$INFO[Skin.String(SideBladePanelColor)]</colordiffuse>
            </control>
			
           <!--Header-->
            <control type="label">
                <description>Heading</description>
                <posx>677</posx>
                <posy>10</posy>
                <width>1196</width>
				<font>Bold40</font>
				<textcolor>$INFO[Skin.String(GeneralTextColor)]</textcolor>
                <align>left</align>
				<height>100</height>
				<label>$VAR[value_header_skinsettings]</label>
            </control>
            <control type="group" id="1000">
                <description>Control Area</description>
                <posx>677</posx>
                <posy>120</posy>
                <width>1196</width>
                <height>800</height>
				<include>SkinSettings_HomeLayout</include>
                <include>SkinSettings_Shortcuts</include>
				<include>SkinSettings_General</include>
                <include>SkinSettings_Library</include>
				<include>SkinSettings_VideoInfo</include>
				<include>SkinSettings_OSD</include>
                <include>SkinSettings_PVR</include>                              
                <include>SkinSettings_Background</include>
                <include>SkinSettings_ColorThemes</include>
                <include>SkinSettings_CustomColors</include>
                <include>SkinSettings_Addons</include>
                <include>SkinSettings_Backup</include>
            </control>
            <!--Button Group-->
			<control type="group" id="2000">
            <control type="grouplist" id="9000">
                <posx>668</posx>
                <posy>940</posy>
				<orientation>horizontal</orientation>
				<itemgap>2</itemgap>
				<onup>1000</onup>
                <width>1214</width>
                <include>SkinSettings_MenuOptions</include>
            </control>
			<!--Arrows-->
            <control type="image">
                <animation effect="fade" start="100" end="50" tween="sine" easing="inout" time="800" pulse="true" reversible="false" condition="true">Conditional</animation>
                <right>14</right>
                <bottom>70</bottom>
                <posy>50</posy>
                <width>20</width>
                <height>60</height>
                <aspectratio>keep</aspectratio>
                <texture>dialogs/videoinfo/arrow.png</texture>
                <visible>!Control.HasFocus(51)</visible>
                <colordiffuse>white</colordiffuse>
                <visible>Container(9000).HasNext</visible>
            </control>
            <control type="image">
                <animation effect="fade" start="100" end="50" tween="sine" easing="inout" time="800" pulse="true" reversible="false" condition="true">Conditional</animation>
                <right>1256</right>
                <bottom>70</bottom>
                <posy>50</posy>
                <width>20</width>
                <height>60</height>
                <aspectratio>keep</aspectratio>
                <texture flipx="true">dialogs/videoinfo/arrow.png</texture>
                <visible>!Control.HasFocus(51)</visible>
                <colordiffuse>white</colordiffuse>
                <visible>Container(9000).HasPrevious</visible>
            </control>
			</control>
        </control>
    </controls>
</window>