<?xml version="1.0" encoding="UTF-8" standalone="yes"?>
<addon id="resource.images.studios.coloured" name="Studio Icons - Coloured - Modded" version="1.0.0010" provider-name="lynxstrike">
	<extension point="kodi.resource.images" compile="true" type="studios" />
	<requires>
		<import addon="kodi.resource" version="1.0.0"/>
	</requires>
	<extension point="xbmc.addon.metadata">
		<summary lang="en">Coloured Studio Icons</summary>
		<description lang="en">Coloured Studio Icons</description>
		<platform>all</platform>
		<assets>
			<icon>icon.png</icon>
			<fanart>fanart.jpg</fanart>
		</assets>
		<news>
			v1.0.0010 (2025-10-25)
			-Logos requested by @kittmaster, part 2
			-Logo requested by @rizreflects
			-IMCINE, Focine
			-Cleanup
		</news>
	</extension>
</addon>
