<?xml version="1.0" encoding="utf-8"?>
<!-- BINGIE -->
<fonts>
	<fontset id="Default" unicode="true">
		<!-- ==================== -->
		<!--     System fonts     -->
		<!-- ==================== -->
        <font>
            <name>font10</name>
            <filename>Netflix-sans-medium.ttf</filename>
			<style>lighten</style>
            <size>21</size>
        </font>
        <font>
            <name>font12</name>
            <filename>Netflix-sans-medium.ttf</filename>
			<style>lighten</style>
            <size>26</size>
        </font>
        <font>
            <name>font13</name>
            <filename>Netflix-sans-medium.ttf</filename>
 	  	 	<style>lighten</style>
            <size>30</size>
        </font>
        <font>
            <name>font14</name>
            <filename>Netflix-sans-medium.ttf</filename>
			<style>lighten</style>
            <size>33</size>
        </font>
        <font>
            <name>font16</name>
            <filename>Netflix-sans-medium.ttf</filename>
 	  	 	<style>lighten</style>
            <size>38</size>
        </font>
        <font>
            <name>font30</name>
            <filename>Netflix-sans-medium.ttf</filename>
 	  	 	 <style>lighten</style>
            <size>45</size>
        </font>
        <font>
            <name>font37</name>
            <filename>Netflix-sans-medium.ttf</filename>
 	  	 	 <style>lighten</style>
            <size>52</size>
        </font>
        <font>
            <name>fontContextMenu</name>
            <filename>Netflix-sans-medium.ttf</filename>
 	  	 	<style>lighten</style>
            <size>27</size>
        </font>
		<!-- ============= -->
		<!--     Regular   -->
		<!-- ============= -->
		<font>
            <name>Reg10</name>
            <filename>Netflix-sans-medium.ttf</filename>
			<style>lighten</style>
            <size>10</size>
        </font>
        <font>
            <name>Reg12</name>
            <filename>Netflix-sans-medium.ttf</filename>
			<style>lighten</style>
            <size>12</size>
        </font>
        <font>
            <name>Reg13</name>
            <filename>Netflix-sans-medium.ttf</filename>
			<style>lighten</style>
            <size>13</size>
        </font>
        <font>
            <name>Reg14</name>
            <filename>Netflix-sans-medium.ttf</filename>
			<style>lighten</style>
            <size>14</size>
        </font>
		<font>
            <name>Reg15</name>
            <filename>Netflix-sans-medium.ttf</filename>
			<style>lighten</style>
            <size>15</size>
        </font>
        <font>
            <name>Reg16</name>
            <filename>Netflix-sans-medium.ttf</filename>
			<style>lighten</style>
            <size>16</size>
        </font>
		<font>
            <name>Reg17</name>
            <filename>Netflix-sans-medium.ttf</filename>
			<style>lighten</style>
            <size>17</size>
        </font>
		<font>
            <name>Reg18</name>
            <filename>Netflix-sans-medium.ttf</filename>
			<style>lighten</style>
            <size>18</size>
        </font>
		<font>
            <name>Reg19</name>
            <filename>Netflix-sans-medium.ttf</filename>
			<style>lighten</style>
            <size>19</size>
        </font>
        <font>
            <name>Reg20</name>
            <filename>Netflix-sans-medium.ttf</filename>
			<style>lighten</style>
            <size>20</size>
        </font>
		<font>
            <name>Reg21</name>
            <filename>Netflix-sans-medium.ttf</filename>
			<style>lighten</style>
            <size>21</size>
        </font>
		<font>
            <name>Reg22</name>
            <filename>Netflix-sans-medium.ttf</filename>
			<style>lighten</style>
            <size>22</size>
        </font>
		<font>
		 <name>Reg23</name>
            <filename>Netflix-sans-medium.ttf</filename>
			<style>lighten</style>
            <size>23</size>
        </font>
		<font>					  
			<name>Reg24</name>
            <filename>Netflix-sans-medium.ttf</filename>
			<style>lighten</style>
            <size>24</size>
		</font>
        <font>
            <name>Reg25</name>
            <filename>Netflix-sans-medium.ttf</filename>
			<style>lighten</style>
            <size>25</size>
        </font>
        <font>
            <name>Reg26</name>
            <filename>Netflix-sans-medium.ttf</filename>
			<style>lighten</style>
            <size>26</size>
        </font>
        <font>
            <name>Reg27</name>
            <filename>Netflix-sans-medium.ttf</filename>
			<style>lighten</style>
            <size>27</size>
        </font>
		<font>
            <name>Reg28</name>
            <filename>Netflix-sans-medium.ttf</filename>
			<style>lighten</style>
            <size>28</size> 
        </font>		
        <font>
            <name>Reg29</name>
            <filename>Netflix-sans-medium.ttf</filename> 
			<style>lighten</style>
            <size>29</size> 
        </font>
		<font>
            <name>Reg30</name>
            <filename>Netflix-sans-medium.ttf</filename>
			<style>lighten</style>
            <size>30</size>
        </font>
        <font>
            <name>Reg31</name>
            <filename>Netflix-sans-medium.ttf</filename>
			<style>lighten</style>
            <size>31</size>
        </font>
		<!--Small-->
        <font>
            <name>Reg32</name>
            <filename>Netflix-sans-medium.ttf</filename>
			<style>lighten</style>
            <size>32</size>
        </font>
        <font>
            <name>Reg33</name>
            <filename>Netflix-sans-medium.ttf</filename>
			<style>lighten</style>
            <size>33</size>
        </font>
        <font>
            <name>Reg34</name>
            <filename>Netflix-sans-medium.ttf</filename>
			<style>lighten</style>
            <size>34</size>
        </font>
        <font>
            <name>Reg35</name> <!--sideblademenu font-->
            <filename>Netflix-sans-medium.ttf</filename>
			<style>lighten</style>
            <size>35</size>
        </font>
        <font>
            <name>Reg36</name>  
            <filename>Netflix-sans-medium.ttf</filename>
			<style>lighten</style>
            <size>36</size>
        </font>
        <font>
            <name>Reg37</name>
            <filename>Netflix-sans-medium.ttf</filename>
			<style>lighten</style>
            <size>37</size>
        </font>
		<!--Medium-->
        <font>
            <name>Reg38</name>
            <filename>Netflix-sans-medium.ttf</filename>
			<style>lighten</style>
            <size>38</size>
        </font>
        <font>
            <name>Reg40</name>
            <filename>Netflix-sans-medium.ttf</filename>
			<style>lighten</style>
            <size>40</size>
        </font>
        <font>
            <name>Reg41</name>
            <filename>Netflix-sans-medium.ttf</filename>
			<style>lighten</style>
            <size>41</size>
        </font>
        <font>
            <name>Reg42</name>
            <filename>Netflix-sans-medium.ttf</filename>
			<style>lighten</style>
            <size>42</size>
        </font>
        <font>
            <name>Reg44</name>
            <filename>Netflix-sans-medium.ttf</filename>
			<style>lighten</style>
            <size>44</size>
        </font>
		<!--Large-->
        <font>
            <name>Reg45</name>
            <filename>Netflix-sans-medium.ttf</filename>
			<style>lighten</style>
            <size>45</size>
        </font>
        <font>
            <name>Reg46</name>
            <filename>Netflix-sans-medium.ttf</filename>
			<style>lighten</style>
            <size>46</size>
        </font>
        <font>
            <name>Reg48</name>
            <filename>Netflix-sans-medium.ttf</filename>
			<style>lighten</style>
            <size>48</size>
        </font>
        <font>
            <name>Reg49</name>
            <filename>Netflix-sans-medium.ttf</filename>
			<style>lighten</style>
            <size>49</size>
        </font>
        <font>
            <name>Reg50</name>
            <filename>Netflix-sans-medium.ttf</filename>
			<style>lighten</style>
            <size>50</size>
        </font>
        <font>
            <name>Reg51</name>
            <filename>Netflix-sans-medium.ttf</filename>
			<style>lighten</style>
            <size>51</size>
        </font>
        <font>
            <name>Reg52</name>
            <filename>Netflix-sans-medium.ttf</filename>
			<style>lighten</style>
            <size>52</size>
        </font>
        <font>
            <name>Reg54</name>
            <filename>Netflix-sans-medium.ttf</filename>
			<style>lighten</style>
            <size>54</size>
        </font>
        <font>
            <name>Reg55</name>
            <filename>Netflix-sans-medium.ttf</filename>
			<style>lighten</style>
            <size>55</size>
        </font>
        <font>
            <name>Reg56</name>
            <filename>Netflix-sans-medium.ttf</filename>
			<style>lighten</style>
            <size>56</size>
        </font>
        <font>
            <name>Reg58</name>
            <filename>Netflix-sans-medium.ttf</filename>
			<style>lighten</style>
            <size>58</size>
        </font>
        <font>
            <name>Reg60</name>
            <filename>Netflix-sans-medium.ttf</filename>
			<style>lighten</style>
            <size>60</size>
        </font>
        <font>
            <name>Reg62</name>
            <filename>Netflix-sans-medium.ttf</filename>
			<style>lighten</style>
            <size>62</size>
        </font>
        <font>
            <name>Reg64</name>
            <filename>Netflix-sans-medium.ttf</filename>
			<style>lighten</style>
            <size>64</size>
        </font>
        <font>
            <name>Reg66</name>
            <filename>Netflix-sans-medium.ttf</filename>
			<style>lighten</style>
            <size>66</size>
        </font>
        <font>
            <name>Reg68</name>
            <filename>Netflix-sans-medium.ttf</filename>
			<style>lighten</style>
            <size>68</size>
        </font>
        <font>
            <name>Reg70</name>
            <filename>Netflix-sans-medium.ttf</filename>
			<style>lighten</style>
            <size>70</size>
        </font>
        <font>
            <name>Reg72</name>
            <filename>Netflix-sans-medium.ttf</filename>
			<style>lighten</style>
            <size>72</size>
        </font>
        <font>
            <name>Reg74</name>
            <filename>Netflix-sans-medium.ttf</filename>
			<style>lighten</style>
            <size>74</size>
        </font>
        <font>
            <name>Reg75</name>
            <filename>Netflix-sans-medium.ttf</filename>
			<style>lighten</style>
            <size>75</size>
        </font>
		<!-- ============= -->
		<!--     Bold      -->
		<!-- ============= -->
		<font>
            <name>Bold10</name>
            <filename>Netflix-sans-bold.ttf</filename>
            <size>10</size>
        </font>
        <font>
            <name>Bold12</name>
            <filename>Netflix-sans-bold.ttf</filename>
            <size>12</size>
        </font>
        <font>
            <name>Bold13</name>
            <filename>Netflix-sans-bold.ttf</filename>
            <size>13</size>
        </font>
        <font>
            <name>Bold14</name>
            <filename>Netflix-sans-bold.ttf</filename>
            <size>14</size>
        </font>
        <font>
            <name>Bold16</name>
            <filename>Netflix-sans-bold.ttf</filename>
            <size>16</size>
        </font>
		<font>
            <name>Bold18</name>
            <filename>Netflix-sans-bold.ttf</filename>
            <size>18</size>
        </font>
        <font>
            <name>Bold20</name>
            <filename>Netflix-sans-bold.ttf</filename>
            <size>20</size>
        </font>
		<font>
            <name>Bold22</name>
            <filename>Netflix-sans-bold.ttf</filename>
			<style>lighten</style>
            <size>22</size>
        </font>
		<font>
            <name>Bold23</name> <!--powermenu focus font-->
            <filename>Netflix-sans-bold.ttf</filename>
			<style>bold</style>
            <size>22</size>
        </font>
		<font>
            <name>Bold24</name> 
            <filename>Netflix-sans-bold.ttf</filename>
			<style>bold</style>
            <size>24</size>
		</font>
        <font>
            <name>Bold25</name>
            <filename>Netflix-sans-bold.ttf</filename>
            <size>25</size>
        </font>
        <font>
            <name>Bold26</name>
            <filename>Netflix-sans-bold.ttf</filename>
            <size>26</size>
        </font>
        <font>
            <name>Bold27</name>
            <filename>Netflix-sans-bold.ttf</filename>
            <size>27</size>
        </font>
        <font>
            <name>Bold28</name>
            <filename>Netflix-sans-bold.ttf</filename>
            <size>28</size>
        </font>
        <font>
            <name>Bold29</name> <!--sublabel plot-->
            <filename>Netflix-sans-bold.ttf</filename>
			<style>bold lighten</style>
			<size>29</size>
        </font>
        <font>
            <name>Bold30</name>  
            <filename>Netflix-sans-bold.ttf</filename>
			<style>bold lighten</style>
            <size>30</size>
        </font>
        <font>
            <name>Bold31</name>  <!--widget header-->
            <filename>Netflix-sans-bold.ttf</filename>
			<style>lighten</style>
            <size>31</size>
        </font>
		<!--Small-->
        <font>
            <name>Bold32</name> <!--Watch season xx home spotlight content widget-->
            <filename>Netflix-sans-bold.ttf</filename>
            <size>32</size>
        </font>
        <font>
            <name>Bold33</name>  <!--Sideblade Menu focus font-->
            <filename>Netflix-sans-bold.ttf</filename>
			<style>bold</style>
            <size>33</size>
        </font>
        <font>
            <name>Bold34</name>
            <filename>Netflix-sans-bold.ttf</filename>
			<style></style>
            <size>34</size>
        </font>
        <font>
            <name>Bold35</name> 
            <filename>Netflix-sans-bold.ttf</filename>
			<style>bold lighten</style>
            <size>35</size>
        </font>
        <font>
            <name>Bold36</name>
            <filename>Netflix-sans-bold.ttf</filename>
            <size>36</size>
        </font>
        <font>
            <name>Bold37</name>
            <filename>Netflix-sans-bold.ttf</filename>
            <size>37</size>
        </font>
		<!--Medium-->
        <font>
            <name>Bold38</name>
            <filename>Netflix-sans-bold.ttf</filename>
            <size>38</size>
        </font>
        <font>
            <name>Bold40</name>
            <filename>Netflix-sans-bold.ttf</filename>
            <size>40</size>
        </font>
        <font>
            <name>Bold41</name>
            <filename>Netflix-sans-bold.ttf</filename>
            <size>41</size>
        </font>
        <font>
            <name>Bold42</name>
            <filename>Netflix-sans-bold.ttf</filename>
            <size>42</size>
        </font>
		<font>
            <name>Bold43</name>
            <filename>Netflix-sans-bold.ttf</filename>
            <size>43</size>
        </font>
        <font>
            <name>Bold44</name>
            <filename>Netflix-sans-bold.ttf</filename>
            <size>44</size>
        </font>
		<!--Large-->
        <font>
            <name>Bold45</name>
            <filename>Netflix-sans-bold.ttf</filename>
            <size>45</size>
        </font>
        <font>
            <name>Bold46</name>
            <filename>Netflix-sans-bold.ttf</filename>
            <size>46</size>
        </font>
        <font>
            <name>Bold48</name>
            <filename>Netflix-sans-bold.ttf</filename>
            <size>48</size>
        </font>
        <font>
            <name>Bold49</name>
            <filename>Netflix-sans-bold.ttf</filename>
            <size>49</size>
        </font>
        <font>
            <name>Bold50</name>
            <filename>Netflix-sans-bold.ttf</filename>
            <size>50</size>
        </font>
        <font>
            <name>Bold51</name>
            <filename>Netflix-sans-bold.ttf</filename>
            <size>51</size>
        </font>
        <font>
            <name>Bold52</name>
            <filename>Netflix-sans-bold.ttf</filename>
            <size>52</size>
        </font>
        <font>
            <name>Bold54</name>
            <filename>Netflix-sans-bold.ttf</filename>
            <size>54</size>
        </font>
        <font>
            <name>Bold55</name>
            <filename>Netflix-sans-bold.ttf</filename>
            <size>55</size>
        </font>
        <font>
            <name>Bold56</name>
            <filename>Netflix-sans-bold.ttf</filename>
            <size>56</size>
        </font>
        <font>
            <name>Bold58</name>
            <filename>Netflix-sans-bold.ttf</filename>
            <size>58</size>
        </font>
        <font>
            <name>Bold60</name>
            <filename>Netflix-sans-bold.ttf</filename>
            <size>60</size>
        </font>
        <font>
            <name>Bold62</name>
            <filename>Netflix-sans-bold.ttf</filename>
            <size>62</size>
        </font>
        <font>
            <name>Bold64</name>
            <filename>Netflix-sans-bold.ttf</filename>
            <size>64</size>
        </font>
        <font>
            <name>Bold68</name>
            <filename>Netflix-sans-bold.ttf</filename>
            <size>68</size>
        </font>
        <font>
            <name>Bold70</name>
            <filename>Netflix-sans-bold.ttf</filename>
            <size>70</size>
        </font>
        <font>
            <name>Bold72</name>
            <filename>Netflix-sans-bold.ttf</filename>
            <size>72</size>
        </font>
        <font>
            <name>Bold74</name>
            <filename>Netflix-sans-bold.ttf</filename>
            <size>74</size>
        </font>
        <font>
            <name>Bold75</name>
            <filename>Netflix-sans-bold.ttf</filename>
            <size>75</size>
        </font>
		<!-- ============== -->
		<!--     Special    -->
		<!-- ============== -->
		<font>
            <name>category</name>
            <filename>Netflix-sans-light.ttf</filename>
			<size>50</size>
        </font>
		<font>
            <name>flags</name>
            <filename>Netflix-sans-medium.ttf</filename>
 	  	 	<style>lighten</style>		
            <size>24</size>		
        </font>
		<font>
            <name>indicator_small</name>
            <filename>Netflix-sans-medium.ttf</filename>
 	  	 	<style>lighten</style>
			<size>18</size>
			</font>
		<font>
            <name>indicator_normal</name>
            <filename>Netflix-sans-medium.ttf</filename>
 	  	 	<style>lighten</style>
	        <size>21</size>
			</font>
		<font>
            <name>indicator_large</name>
            <filename>Netflix-sans-medium.ttf</filename>
 	  	 	<style>lighten</style>
 			<size>28</size>
			</font>
		<font>
            <name>footer</name>
            <filename>Netflix-sans-medium.ttf</filename>
			<aspect>0.9</aspect>
            <size>25</size>
		</font>
		<font>
            <name>footer_mpaa</name>
            <filename>Impact.ttf</filename>
            <size>30</size>
        </font>
		<font>
            <name>title</name> <!--Clearlogo fallback-->
            <filename>Netflix-sans-medium.ttf</filename>
			<style>lighten</style>
			<linespacing>0.8</linespacing>
            <size>80</size>
        </font>
		<font>
            <name>title2</name> <!--Clearlogo spotlight content fallback-->
            <filename>Netflix-sans-bold.ttf</filename>
			<style>lighten</style>
			<linespacing>0.8</linespacing>
            <size>85</size>
        </font>
		<font>
            <name>title3</name> <!--Clearlogo media fallback-->
            <filename>Netflix-sans-bold.ttf</filename>
			<style>lighten</style>
			<linespacing>0.8</linespacing>
            <size>50</size>
        </font>
		<font>		
			<name>Plots</name> <!--plot font for bingie home/bingie library & Info Dialogue-->
            <filename>Netflix-sans-medium.ttf</filename>
			<style>lighten</style>
            <size>31</size> 
        </font>	
		<font>
            <name>lyrics_big</name>
            <filename>Netflix-sans-medium.ttf</filename>
			<style>lighten</style>
            <size>260</size>
        </font>
		<font>
            <name>lyrics_medium</name>
            <filename>Netflix-sans-medium.ttf</filename>
			<style>lighten</style>
            <size>170</size>
        </font>
		<font>
            <name>lyrics_small</name>
            <filename>Netflix-sans-medium.ttf</filename>
			<style>lighten</style>
            <size>80</size>
        </font>
		<font>
            <name>osd</name>
            <filename>Netflix-sans-bold.ttf</filename>
            <size>120</size>
        </font>
		<font>
            <name>critics</name>
            <filename>Netflix-sans-medium.ttf</filename>
			<style>lighten</style>
            <size>26</size>
        </font>
		<font>
            <name>surprise</name>
            <filename>Netflix-sans-medium.ttf</filename>
			<style>lighten</style>
            <size>34</size>
        </font>
		<font>
            <name>profile</name>
            <filename>Netflix-sans-medium.ttf</filename>
			<style>lighten</style>
            <size>28</size>
        </font>
		<font>
            <name>settings</name>
            <filename>Netflix-sans-bold.ttf</filename>
            <size>20</size>
        </font>
		<font>
            <name>postertag</name>
            <filename>Netflix-sans-medium.ttf</filename>
			<style>lighten</style>
            <size>22</size>
        </font>
		<font>
            <name>postertagsmall</name>
            <filename>Netflix-sans-medium.ttf</filename>
			<style>lighten</style>
            <size>18</size>
			<linespacing>1.04</linespacing>
        </font>
		<font>
            <name>landscapetag</name>
            <filename>Netflix-sans-medium.ttf</filename>
			<style>lighten</style>
            <size>20</size>
        </font>
		<font>
            <name>landscapetaglarge</name>
            <filename>Netflix-sans-medium.ttf</filename>
			<style>lighten</style>
            <size>30</size>
        </font>
	</fontset>
	<fontset id="Arial" unicode="true">
		<!-- ==================== -->
		<!--     System fonts     -->
		<!-- ==================== -->
        <font>
            <name>font10</name>
            <filename>Arial.ttf</filename>
            <size>20</size>
        </font>
        <font>
            <name>font12</name>
            <filename>Arial.ttf</filename>
            <size>25</size>
        </font>
        <font>
            <name>font13</name>
            <filename>Arial.ttf</filename>
            <size>29</size>
        </font>
        <font>
            <name>font14</name>
            <filename>Arial.ttf</filename>
            <size>32</size>
        </font>
        <font>
            <name>font16</name>
            <filename>Arial.ttf</filename>
            <size>37</size>
        </font>
        <font>
            <name>font30</name>
            <filename>Arial.ttf</filename>
            <size>44</size>
        </font>
        <font>
            <name>font37</name>
            <filename>Arial.ttf</filename>
            <size>51</size>
        </font>
        <font>
            <name>fontContextMenu</name>
            <filename>Arial.ttf</filename>
            <size>26</size>
        </font>
		<!-- ============= -->
		<!--     Regular   -->
		<!-- ============= -->
		<font>
            <name>Reg10</name>
            <filename>Arial.ttf</filename>
            <size>10</size>
        </font>
        <font>
            <name>Reg12</name>
            <filename>Arial.ttf</filename>
            <size>12</size>
        </font>
        <font>
            <name>Reg13</name>
            <filename>Arial.ttf</filename>
            <size>13</size>
        </font>
        <font>
            <name>Reg14</name>
            <filename>Arial.ttf</filename>
            <size>14</size>
        </font>
		<font>
            <name>Reg15</name>
            <filename>Arial.ttf</filename>
            <size>15</size>
        </font>
        <font>
            <name>Reg16</name>
            <filename>Arial.ttf</filename>
            <size>16</size>
        </font>
		<font>
            <name>Reg17</name>
            <filename>Arial.ttf</filename>
            <size>17</size>
        </font>
		<font>
            <name>Reg18</name>
            <filename>Arial.ttf</filename>
            <size>18</size>
        </font>
		<font>
            <name>Reg19</name>
            <filename>Arial.ttf</filename>
            <size>18</size>
        </font>
        <font>
            <name>Reg20</name>
            <filename>Arial.ttf</filename>
            <size>19</size>
        </font>
		<font>
            <name>Reg21</name>
            <filename>Arial.ttf</filename>
            <size>20</size>
        </font>
		<font>
            <name>Reg22</name>
            <filename>Arial.ttf</filename>
            <size>21</size>
        </font>
		<font>
			<name>Reg23</name>
            <filename>Arial.ttf</filename>
            <size>22</size>
        </font>
		<font>					  
			<name>Reg24</name>
            <filename>Arial.ttf</filename>
			<linespacing>1.12</linespacing>
            <size>23</size>
		</font>
        <font>
            <name>Reg25</name>
            <filename>Arial.ttf</filename>
            <size>24</size>
        </font>
        <font>
            <name>Reg26</name>
            <filename>Arial.ttf</filename>
			<linespacing>1.08</linespacing>
            <size>25</size>
        </font>
        <font>
            <name>Reg27</name>
            <filename>Arial.ttf</filename>
            <size>26</size>
        </font>
		<font>
            <name>Reg28</name>
            <filename>Arial.ttf</filename>
			<linespacing>1.15</linespacing>
            <size>27</size> 
        </font>		
        <font>
            <name>Reg29</name>
            <filename>Arial.ttf</filename> 
            <size>28</size> 
        </font>
		<font>
            <name>Reg30</name>
            <filename>Arial.ttf</filename>
			<linespacing>1.04</linespacing>
            <size>29</size>
        </font>
        <font>
            <name>Reg31</name>
            <filename>Arial.ttf</filename>
            <size>30</size>
        </font>
		<!--Small-->
        <font>
            <name>Reg32</name>
            <filename>Arial.ttf</filename>
            <size>31</size>
        </font>
        <font>
            <name>Reg33</name>
            <filename>Arial.ttf</filename>
            <size>32</size>
        </font>
        <font>
            <name>Reg34</name>
            <filename>Arial.ttf</filename>
            <size>33</size>
        </font>
        <font>
            <name>Reg35</name> <!--sideblademenu font-->
            <filename>Arial.ttf</filename>
            <size>34</size>
        </font>
        <font>
            <name>Reg36</name>  
            <filename>Arial.ttf</filename>
            <size>35</size>
        </font>
        <font>
            <name>Reg37</name>
            <filename>Arial.ttf</filename>
            <size>36</size>
        </font>
		<!--Medium-->
        <font>
            <name>Reg38</name>
            <filename>Arial.ttf</filename>
            <size>37</size>
        </font>
        <font>
            <name>Reg40</name>
            <filename>Arial.ttf</filename>
            <size>39</size>
        </font>
        <font>
            <name>Reg41</name>
            <filename>Arial.ttf</filename>
            <size>40</size>
        </font>
        <font>
            <name>Reg42</name>
            <filename>Arial.ttf</filename>
            <size>41</size>
        </font>
        <font>
            <name>Reg44</name>
            <filename>Arial.ttf</filename>
            <size>43</size>
        </font>
		<!--Large-->
        <font>
            <name>Reg45</name>
            <filename>Arial.ttf</filename>
            <size>44</size>
        </font>
        <font>
            <name>Reg46</name>
            <filename>Arial.ttf</filename>
            <size>45</size>
        </font>
        <font>
            <name>Reg48</name>
            <filename>Arial.ttf</filename>
            <size>47</size>
        </font>
        <font>
            <name>Reg49</name>
            <filename>Arial.ttf</filename>
            <size>48</size>
        </font>
        <font>
            <name>Reg50</name>
            <filename>Arial.ttf</filename>
            <size>49</size>
        </font>
        <font>
            <name>Reg51</name>
            <filename>Arial.ttf</filename>
            <size>50</size>
        </font>
        <font>
            <name>Reg52</name>
            <filename>Arial.ttf</filename>
            <size>51</size>
        </font>
        <font>
            <name>Reg54</name>
            <filename>Arial.ttf</filename>
            <size>53</size>
        </font>
        <font>
            <name>Reg55</name>
            <filename>Arial.ttf</filename>
            <size>54</size>
        </font>
        <font>
            <name>Reg56</name>
            <filename>Arial.ttf</filename>
            <size>55</size>
        </font>
        <font>
            <name>Reg58</name>
            <filename>Arial.ttf</filename>
            <size>57</size>
        </font>
        <font>
            <name>Reg60</name>
            <filename>Arial.ttf</filename>
            <size>59</size>
        </font>
        <font>
            <name>Reg62</name>
            <filename>Arial.ttf</filename>
            <size>61</size>
        </font>
        <font>
            <name>Reg64</name>
            <filename>Arial.ttf</filename>
            <size>63</size>
        </font>
        <font>
            <name>Reg66</name>
            <filename>Arial.ttf</filename>
            <size>65</size>
        </font>
        <font>
            <name>Reg68</name>
            <filename>Arial.ttf</filename>
            <size>67</size>
        </font>
        <font>
            <name>Reg70</name>
            <filename>Arial.ttf</filename>
            <size>69</size>
        </font>
        <font>
            <name>Reg72</name>
            <filename>Arial.ttf</filename>
            <size>71</size>
        </font>
        <font>
            <name>Reg74</name>
            <filename>Arial.ttf</filename>
            <size>73</size>
        </font>
        <font>
            <name>Reg75</name>
            <filename>Arial.ttf</filename>
            <size>74</size>
        </font>
		<!-- ============= -->
		<!--     Bold      -->
		<!-- ============= -->
		<font>
            <name>Bold10</name>
            <filename>Arial.ttf</filename>
			<style>bold</style>
            <size>10</size>
        </font>
        <font>
            <name>Bold12</name>
            <filename>Arial.ttf</filename>
			<style>bold</style>
            <size>12</size>
        </font>
        <font>
            <name>Bold13</name>
            <filename>Arial.ttf</filename>
			<style>bold</style>
            <size>13</size>
        </font>
        <font>
            <name>Bold14</name>
            <filename>Arial.ttf</filename>
			<style>bold</style>
            <size>14</size>
        </font>
        <font>
            <name>Bold16</name>
            <filename>Arial.ttf</filename>
			<style>bold</style>
            <size>16</size>
        </font>
		<font>
            <name>Bold18</name>
            <filename>Arial.ttf</filename>
			<style>bold</style>
            <size>18</size>
        </font>
        <font>
            <name>Bold20</name>
            <filename>Arial.ttf</filename>
			<style>bold</style>
            <size>19</size>
        </font>
		<font>
            <name>Bold22</name>
            <filename>Arial.ttf</filename>
			<style>bold</style>
            <size>21</size>
        </font>
		<font>
            <name>Bold23</name> <!--powermenu focus font-->
            <filename>Arial.ttf</filename>
			<style>bold</style>
            <size>22</size>
        </font>
		<font>
            <name>Bold24</name> 
            <filename>Arial.ttf</filename>
			<style>bold</style>
            <size>23</size>
		</font>
        <font>
            <name>Bold25</name>
            <filename>Arial.ttf</filename>
			<style>bold</style>
            <size>24</size>
        </font>
        <font>
            <name>Bold26</name>
            <filename>Arial.ttf</filename>
			<style>bold</style>
            <size>25</size>
        </font>
        <font>
            <name>Bold27</name>
            <filename>Arial.ttf</filename>
			<style>bold</style>
            <size>26</size>
        </font>
        <font>
            <name>Bold28</name>
            <filename>Arial.ttf</filename>
			<style>bold</style>
            <size>27</size>
        </font>
        <font>
            <name>Bold29</name> <!--sublabel plot-->
            <filename>Arial.ttf</filename>
			<style>bold</style>
			<size>28</size>
        </font>
        <font>
            <name>Bold30</name>  
            <filename>Arial.ttf</filename>
			<style>bold</style>
            <size>29</size>
        </font>
        <font>
            <name>Bold31</name>  <!--widget header-->
            <filename>Arial.ttf</filename>
			<style>bold</style>
            <size>30</size>
        </font>
		<!--Small-->
        <font>
            <name>Bold32</name> <!--Watch season xx home spotlight content widget-->
            <filename>Arial.ttf</filename>
			<style>bold</style>
            <size>31</size>
        </font>
        <font>
            <name>Bold33</name>  <!--Sideblade Menu focus font-->
            <filename>Arial.ttf</filename>
			<style>bold</style>
            <size>32</size>
        </font>
        <font>
            <name>Bold34</name>
            <filename>Arial.ttf</filename>
			<style>bold</style>
            <size>33</size>
        </font>
        <font>
            <name>Bold35</name> 
            <filename>Arial.ttf</filename>
			<style>bold</style>
            <size>34</size>
        </font>
        <font>
            <name>Bold36</name>
            <filename>Arial.ttf</filename>
			<style>bold</style>
            <size>35</size>
        </font>
        <font>
            <name>Bold37</name>
            <filename>Arial.ttf</filename>
			<style>bold</style>
            <size>36</size>
        </font>
		<!--Medium-->
        <font>
            <name>Bold38</name>
            <filename>Arial.ttf</filename>
			<style>bold</style>
            <size>37</size>
        </font>
        <font>
            <name>Bold40</name>
            <filename>Arial.ttf</filename>
			<style>bold</style>
            <size>39</size>
        </font>
        <font>
            <name>Bold41</name>
            <filename>Arial.ttf</filename>
			<style>bold</style>
            <size>40</size>
        </font>
        <font>
            <name>Bold42</name>
            <filename>Arial.ttf</filename>
			<style>bold</style>
            <size>41</size>
        </font>
		<font>
            <name>Bold43</name>
            <filename>Arial.ttf</filename>
			<style>bold</style>
            <size>42</size>
        </font>
        <font>
            <name>Bold44</name>
            <filename>Arial.ttf</filename>
			<style>bold</style>
            <size>43</size>
        </font>
		<!--Large-->
        <font>
            <name>Bold45</name>
            <filename>Arial.ttf</filename>
			<style>bold</style>
            <size>44</size>
        </font>
        <font>
            <name>Bold46</name>
            <filename>Arial.ttf</filename>
			<style>bold</style>
            <size>45</size>
        </font>
        <font>
            <name>Bold48</name>
            <filename>Arial.ttf</filename>
			<style>bold</style>
            <size>47</size>
        </font>
        <font>
            <name>Bold49</name>
            <filename>Arial.ttf</filename>
			<style>bold</style>
            <size>48</size>
        </font>
        <font>
            <name>Bold50</name>
            <filename>Arial.ttf</filename>
			<style>bold</style>
            <size>49</size>
        </font>
        <font>
            <name>Bold51</name>
            <filename>Arial.ttf</filename>
			<style>bold</style>
            <size>50</size>
        </font>
        <font>
            <name>Bold52</name>
            <filename>Arial.ttf</filename>
			<style>bold</style>
            <size>51</size>
        </font>
        <font>
            <name>Bold54</name>
            <filename>Arial.ttf</filename>
			<style>bold</style>
            <size>53</size>
        </font>
        <font>
            <name>Bold55</name>
            <filename>Arial.ttf</filename>
			<style>bold</style>
            <size>54</size>
        </font>
        <font>
            <name>Bold56</name>
            <filename>Arial.ttf</filename>
			<style>bold</style>
            <size>55</size>
        </font>
        <font>
            <name>Bold58</name>
            <filename>Arial.ttf</filename>
			<style>bold</style>
            <size>57</size>
        </font>
        <font>
            <name>Bold60</name>
            <filename>Arial.ttf</filename>
			<style>bold</style>
            <size>59</size>
        </font>
        <font>
            <name>Bold62</name>
            <filename>Arial.ttf</filename>
			<style>bold</style>
            <size>61</size>
        </font>
        <font>
            <name>Bold64</name>
            <filename>Arial.ttf</filename>
			<style>bold</style>
            <size>63</size>
        </font>
        <font>
            <name>Bold68</name>
            <filename>Arial.ttf</filename>
			<style>bold</style>
            <size>67</size>
        </font>
        <font>
            <name>Bold70</name>
            <filename>Arial.ttf</filename>
			<style>bold</style>
            <size>69</size>
        </font>
        <font>
            <name>Bold72</name>
            <filename>Arial.ttf</filename>
			<style>bold</style>
            <size>71</size>
        </font>
        <font>
            <name>Bold74</name>
            <filename>Arial.ttf</filename>
			<style>bold</style>
            <size>73</size>
        </font>
        <font>
            <name>Bold75</name>
            <filename>Arial.ttf</filename>
			<style>bold</style>
            <size>74</size>
        </font>
		<!-- ============== -->
		<!--     Special    -->
		<!-- ============== -->
		<font>
            <name>category</name>
            <filename>Arial.ttf</filename>
			<style>lighten</style>
			<size>49</size>
        </font>
		<font>
            <name>flags</name>
            <filename>Arial.ttf</filename>
            <size>23</size>		
        </font>
		<font>
            <name>indicator_small</name>
            <filename>Arial.ttf</filename>
			<size>17</size>
			</font>
		<font>
            <name>indicator_normal</name>
            <filename>Arial.ttf</filename>
	        <size>20</size>
			</font>
		<font>
            <name>indicator_large</name>
            <filename>Arial.ttf</filename>
 			<size>27</size>
			</font>
		<font>
            <name>footer</name>
            <filename>Arial.ttf</filename>
			<aspect>0.9</aspect>
            <size>24</size>
		</font>
		<font>
            <name>footer_mpaa</name>
            <filename>Impact.ttf</filename>
            <size>30</size>
        </font>
		<font>
            <name>title</name> <!--Clearlogo fallback-->
            <filename>Arial.ttf</filename>
			<linespacing>1</linespacing>
            <size>72</size>
        </font>
		<font>
            <name>title2</name> <!--Clearlogo spotlight content fallback-->
            <filename>Arial.ttf</filename>
			<linespacing>1</linespacing>
            <size>76</size>
        </font>
		<font>
            <name>title3</name> <!--Clearlogo media fallback-->
            <filename>Arial.ttf</filename>
			<linespacing>1</linespacing>
            <size>44</size>
        </font>
		<font>		
			<name>Plots</name> <!--plot font for bingie home/bingie library & Info Dialogue-->
            <filename>Arial.ttf</filename>
			<linespacing>1.08</linespacing>
            <size>30</size> 
        </font>	
		<font>
            <name>lyrics_big</name>
            <filename>Arial.ttf</filename>
            <size>259</size>
        </font>
		<font>
            <name>lyrics_medium</name>
            <filename>Arial.ttf</filename>
            <size>169</size>
        </font>
		<font>
            <name>lyrics_small</name>
            <filename>Arial.ttf</filename>
            <size>79</size>
        </font>
		<font>
            <name>osd</name>
            <filename>Arial.ttf</filename>
            <size>119</size>
        </font>
		<font>
            <name>critics</name>
            <filename>Arial.ttf</filename>
			<linespacing>1.12</linespacing>
            <size>25</size>
        </font>
		<font>
            <name>surprise</name>
            <filename>Arial.ttf</filename>
			<style>bold</style>
            <size>29</size>
        </font>
		<font>
            <name>profile</name>
            <filename>Arial.ttf</filename>
            <size>25</size>
        </font>
		<font>
            <name>settings</name>
            <filename>Arial.ttf</filename>
			<style>bold</style>
            <size>19</size>
			<linespacing>1.20</linespacing>
        </font>
		<font>
            <name>postertag</name>
            <filename>Arial.ttf</filename>
            <size>21</size>
			<linespacing>1.14</linespacing>
        </font>
		<font>
            <name>postertagsmall</name>
            <filename>Arial.ttf</filename>
            <size>18</size>
			<linespacing>1.15</linespacing>
        </font>
		<font>
            <name>landscapetag</name>
            <filename>Arial.ttf</filename>
            <size>19</size>
			<linespacing>1.14</linespacing>
        </font>
		<font>
            <name>landscapetaglarge</name>
            <filename>Arial.ttf</filename>
            <size>29</size>
			<linespacing>1.04</linespacing>
        </font>
	</fontset>	
</fonts>