<?xml version="1.0" encoding="UTF-8"?>
<!-- BINGIE -->
<window id="1107">
    <defaultcontrol condition="Container(590).IsUpdating | Container(610).IsUpdating | Container(620).IsUpdating | Container(630).IsUpdating | !Integer.IsGreater(Container(77777).NumItems,0)">101</defaultcontrol>
	<onload condition="Container(590).IsUpdating | Container(610).IsUpdating | Container(620).IsUpdating | Container(630).IsUpdating | !Integer.IsGreater(Container(77777).NumItems,0)">AlarmClock(FocusKeyboard,SetFocus(101),00:00,silent)</onload>
    <backgroundcolor>$VAR[BingiePanelColor]</backgroundcolor>
    <include>CustomBingieWinProps</include>
    <onload condition="String.IsEmpty(Skin.String(CustomSearchTerm))">SetProperty(CustomSearch,1,home)</onload>
    <include>BingieViews_WindowOpen_Fade</include>
	<controls>
        <!-- Now Playing -->
        <include>NowPlayingBackground</include>
        <!-- Hidden Result Scrollbar -->
        <control type="scrollbar" id="666">
            <visible>[String.IsEqual(Skin.String(scrollbar_visibility),always_show)] + Integer.IsGreater(Container(77777).NumItems,0)</visible>
            <right>0</right>
            <top>127</top>
            <height>930</height>
            <width>15</width>
            <orientation>vertical</orientation>
            <onleft>77777</onleft>
            <showonepage>false</showonepage>
        </control>

        <!-- ########## Left Layout ########## -->
		<!-- VirtualKeyboardLabel -->
		<control type="group">
			<include>SearchSuggestionsAnim</include>		
            <control type="label">
				<top>11</top>
				<left>137</left>
                <width>auto</width>
				<font>Reg32</font>
                <label>Press up for full keyboard</label>
				<visible>Skin.HasSetting(EnableBingieSearchFullKeyboard)</visible>				
            </control>
		</control>
        <!-- Pseudo-Keyboard Layout -->
        <control type="grouplist" id="9000">
            <include>SearchSuggestionsAnim</include>
            <visible>!$EXP[IsActualKeyboardActive]</visible>
            <top>80</top>
            <left>130</left>
            <height>500</height>
            <orientation>vertical</orientation>
            <itemgap>-10</itemgap>
            <defaultcontrol>101</defaultcontrol>
			<onup condition="Skin.HasSetting(EnableBingieSearchFullKeyboard)">Skin.SetString(CustomSearchTerm)</onup>
			<onup condition="Skin.HasSetting(EnableBingieSearchFullKeyboard)">SetProperty(CustomSearch,1,home)</onup>
            <onup>9900</onup>
            <ondown>1007</ondown>
            <onright condition="!Integer.IsGreater(Container(77777).NumItems,0)">9900</onright>
            <!-- Space / Backspace Row -->
            <include content="SearchKeyboardRow">
                <param name="id" value="1000" />
                <param name="onleft" value="noop" />
                <param name="onright" value="77777" />
                <param name="row_include" value="SearchKeyboardRow_BackspaceAndSpace_Row" />
            </include>
            <!-- First Row -->
            <include content="SearchKeyboardRow">
                <param name="id" value="1001" />
                <param name="onleft" value="noop" />
                <param name="onright" value="77777" />
                <param name="row_include" value="SearchKeyboardRow_First_Row" />
            </include>
            <!-- Second Row -->
            <include content="SearchKeyboardRow">
                <param name="id" value="1002" />
                <param name="onleft" value="noop" />
                <param name="onright" value="77777" />
                <param name="row_include" value="SearchKeyboardRow_Second_Row" />
            </include>
            <!-- Third Row -->
            <include content="SearchKeyboardRow">
                <param name="id" value="1003" />
                <param name="onleft" value="noop" />
                <param name="onright" value="77777" />
                <param name="row_include" value="SearchKeyboardRow_Third_Row" />
            </include>
            <!-- Fourth Row -->
            <include content="SearchKeyboardRow">
                <param name="id" value="1004" />
                <param name="onleft" value="noop" />
                <param name="onright" value="77777" />
                <param name="row_include" value="SearchKeyboardRow_Fourth_Row" />
            </include>
            <!-- Fifth Row -->
            <include content="SearchKeyboardRow">
                <param name="id" value="1005" />
                <param name="onleft" value="noop" />
                <param name="onright" value="77777" />
                <param name="row_include" value="SearchKeyboardRow_Fifth_Row" />
            </include>
            <!-- Sixth Row -->
            <include content="SearchKeyboardRow">
                <param name="id" value="1006" />
                <param name="onleft" value="noop" />
                <param name="onright" value="77777" />
                <param name="row_include" value="SearchKeyboardRow_Sixth_Row" />
            </include>
        </control>

        <!-- Auto-Complete & Static Suggestions List [no static-suggestion for music yet] -->
        <include content="Search_Suggestions_Container">
            <include>SearchSuggestionsAnim</include>
            <param name="id" value="1007" />
            <param name="top" value="605" />
            <param name="left" value="130" />
            <param name="width" value="421" />
            <param name="height" value="910" />
            <param name="onitemfocus" value="" />
            <param name="onitemfocus2" value="" />
            <onclick condition="!String.IsEmpty(Skin.String(CustomSearchTerm))">Skin.SetString(CustomSearchTerm,$INFO[ListItem.Label])</onclick>
            <visible>!$EXP[IsActualKeyboardActive]</visible>
            <content>plugin://plugin.program.autocompletion?info=autocomplete&amp;&amp;id=$INFO[Skin.String(CustomSearchTerm)]</content>
        </include>

        <!--- ########## Right Layout ########## -->
        <control type="group" id="9900">
            <left>648</left>
            <top>32</top>
            <height>70</height>
            <width>1215</width>
            <onleft>9000</onleft>
            <onback>9000</onback>
            <ondown condition="Integer.IsGreater(Container(77777).NumItems,0)">77777</ondown>
            <ondown condition="!Integer.IsGreater(Container(77777).NumItems,0)">9000</ondown>
            <!-- Search Term -->
            <control type="multiimage">
                <width>100%</width>
                <height>32</height>
                <top>22</top>
				<left>0</left>
                <include>widget_header_leftalign</include>
                <aspectratio align="left">keep</aspectratio>
                <imagepath background="true">spinner/widgets_busy_loader/</imagepath>
                <timeperimage>85</timeperimage>
                <colordiffuse>$INFO[Skin.String(WidgetSpinnerTextureColor)]</colordiffuse>
                <fadetime>0</fadetime>
                <visible>Control.IsVisible(987) + [Container(590).IsUpdating | Container(610).IsUpdating | Container(620).IsUpdating | Container(630).IsUpdating] + !String.IsEmpty(Skin.String(CustomSearchTerm))</visible>
            </control>
            <control type="label" id="987">
                <visible>!$EXP[IsActualKeyboardActive]</visible>
                <top>5</top>
                <width>1130</width>
                <height>70</height>
                <font>Reg42</font>
                <align>left</align>
                <aligny>top</aligny>
                <textcolor>$INFO[Skin.String(ViewDetailsTextColor)]</textcolor>
                <label>$VAR[SearchString]</label>
				<animation effect="slide" end="50" time="0" condition="[Container(590).IsUpdating | Container(610).IsUpdating | Container(620).IsUpdating | Container(630).IsUpdating] + !String.IsEmpty(Skin.String(CustomSearchTerm))">Conditional</animation>
            </control>
        </control>
        <!-- Initial Msg / No Results Label -->
        <control type="label">
            <top>280</top>
            <left>620</left>
            <width>1220</width>
            <height>auto</height>
            <font>Reg42</font>
            <align>center</align>
            <aligny>top</aligny>
            <wrapmultiline>true</wrapmultiline>
            <textcolor>$INFO[Skin.String(BingiePrimaryTextColor)]</textcolor>
            <label>$VAR[EmptySearchResultsString]</label>
            <visible>!Container(77777).IsUpdating + !Integer.IsGreater(Container(77777).NumItems,0)</visible>
        </control>

<!-- Widget Top Label -->
        <control type="group">
            <top>107</top>
            <left>643</left>
            <width>1220</width>
            <height>auto</height>			
			<!-- Search Music Videos Widget -->
			<include content="SearchResultWidgetTopLabel">
				<param name="groupid" value="5900" />
				<param name="id" value="590" />
				<param name="label" value="$INFO[Skin.String(CustomSearchTerm),$LOCALIZE[31580] &quot;,&quot;]" />
				<visible>Control.HasFocus(590) + !Container(590).IsUpdating</visible>
			</include>	
			<!-- Search Albums Widget -->
			<include content="SearchResultWidgetTopLabel">
				<param name="groupid" value="6100" />
				<param name="id" value="610" />
				<param name="label" value="$INFO[Skin.String(CustomSearchTerm),$LOCALIZE[31593] &quot;,&quot;]" />
				<visible>Control.HasFocus(610) + !Container(610).IsUpdating</visible>
			</include>	
			<!-- Search Artists Widget -->
			<include content="SearchResultWidgetTopLabel">
				<param name="groupid" value="6200" />
				<param name="id" value="620" />
				<param name="label" value="$INFO[Skin.String(CustomSearchTerm),$LOCALIZE[31081] &quot;,&quot;]" />
				<visible>Control.HasFocus(620) + !Container(620).IsUpdating</visible>
			</include>
			<!-- Search Songs Widget -->
			<include content="SearchResultWidgetTopLabel">
				<param name="groupid" value="6300" />
				<param name="id" value="630" />
				<param name="label" value="$INFO[Skin.String(CustomSearchTerm),$LOCALIZE[31082] &quot;,&quot;]" />
				<visible>Control.HasFocus(630) + !Container(630).IsUpdating</visible>
			</include>
			</control>

        <!-- Results -->
        <control type="grouplist" id="77777">		
			<animation effect="slide" start="0" end="0,-45" condition="!ControlGroup(77777).HasFocus() | [Control.HasFocus(900) + !String.IsEmpty(Window.Property(KeepSuggestions))]">Conditional</animation>
            <top>152</top>
            <left>641</left>
			<height>975</height>
            <orientation>vertical</orientation>
            <pagecontrol>666</pagecontrol>
            <onright>666</onright>
            <onup>noop</onup>
			<ondown>noop</ondown>
            <onleft>11</onleft>
            <onback>11</onback>
            <!-- Search Music Videos By Name -->
            <include content="MusicVideosSearchResultWidget" condition="Library.HasContent(musicvideos)">
                <param name="id" value="590" />
            </include>
            <!-- Search Music Albums By Name -->
            <include content="AlbumsSearchResultWidget" condition="Library.HasContent(music)">
                <param name="id" value="610" />
            </include>
            <!-- Search Artists By Name -->
            <include content="ArtistsSearchResultWidget" condition="Library.HasContent(music)">
                <param name="id" value="620" />
            </include>
            <!-- Search Songs By Name -->
            <include content="SongsSearchResultWidget" condition="Library.HasContent(music)">
                <param name="id" value="630" />
            </include>
        </control>
	</controls>
</window>
