﻿<?xml version="1.0" encoding="UTF-8" standalone="yes"?>
    <addon id="script.bingie.widgets" name="Bingie Widgets" version="1.0.0" provider-name="matke">
    <requires>
		<import addon="xbmc.python" version="3.0.0"/>
        <import addon="xbmc.addon" version="12.0.0"/>
        <import addon="script.module.simplecache" version="2.0.2"/>
		<import addon="script.module.requests" version="2.9.1"/>
        <import addon="script.module.infotagger" version="0.0.4" />
    </requires>

    <extension point="xbmc.python.pluginsource" library="plugin.py">
        <provides>video</provides>
    </extension>
    <extension library="service.py" point="xbmc.service" start="login" />

    <extension point="xbmc.addon.metadata">
        <summary lang="en">Bingie Widgets</summary>
        <description>Widgets for Bingie skin.</description>
<news>
Version 1.0.0
- Initial release
</news>
		<assets>
            <icon>icon.png</icon>
            <fanart>fanart.jpg</fanart>
        </assets>
        <language></language>
        <platform>all</platform>
        <license>GPL v2.0</license>
        <forum></forum>
        <website></website>
        <source></source>
    </extension>
</addon>
