<?xml version="1.0" encoding="utf-8"?>
<!-- BINGIE -->
<window>
    <defaultcontrol always="true">50</defaultcontrol>
    
	<onunload>ClearProperty(ShowViewSubMenu,Home)</onunload>
    <controls>
        <!--Global Background-->
        <include>GlobalBackground</include>
		<!-- Now Playing -->
		<include>NowPlayingBackground</include>
		<!--Header-->
        <include>Header</include>		 
 		<!-- weather View -->
		<include>ExtendedWeather</include>
		
        <!--Sub Menu-->
        <control type="group">
			<include>SideBladeModern</include>
            <!--Grouplist 9000-->
            <control type="grouplist" id="9000">
                <posx>21</posx>
                <posy>180</posy>
                <width>458</width>
                <height>781</height>
                <itemgap>3</itemgap>
                <onleft>50</onleft>
                <onright>50</onright>
				<onright>ClearProperty(ShowViewSubMenu,Home)</onright>
				<onleft>ClearProperty(ShowViewSubMenu,Home)</onleft>
				<onback>ClearProperty(ShowViewSubMenu,Home)</onback>
				<onback>50</onback>
                <onup>9000</onup>
                <ondown>9000</ondown>
                <orientation>vertical</orientation>
                <control type="button" id="2">
                    <!--Refresh-->
                    <description>Refresh</description>
                    <label>$LOCALIZE[184]</label>
                    <include>SideBladeMenuButton</include>
                </control>
                <control type="button" id="4">
                    <!--Settings-->
                    <description>Settings</description>
                    <label>$LOCALIZE[5]</label>
                    <onclick>ActivateWindow(servicesettings,weather)</onclick>
                    <include>SideBladeMenuButton</include>
                </control>
                <control type="spincontrolex" id="3">
                    <!--Location Select-->
                    <description>Location Select</description>
                    <width>458</width>
                    <align>left</align>
                    <textcolor/>
                    <focusedcolor/>
                    <disabledcolor/>
                    <pulseonselect>false</pulseonselect>
                    <texturenofocus/>
					<textoffsety>50</textoffsety>
					<spinposx>33</spinposx>
                </control>				
				<control type="button" id="1224">
                    <description>Weather Icons</description>
                    <label>$LOCALIZE[31078]</label>
                    <onclick>RunScript(script.bingie.toolbox,action=setresourceaddon,skinstring=WeatherIconPack,addontype=resource.images.weathericons)</onclick>
                    <include>SideBladeMenuButton</include>
                </control>               
                <control type="button" id="1225">
                    <!--Icons-->
                    <description>Weather FanArt</description>
                    <label>$LOCALIZE[31052]</label>
                    <onclick>RunScript(script.bingie.toolbox,action=setresourceaddon,skinstring=WeatherFanArtPack,addontype=resource.images.weatherfanart)</onclick>
                    <include>SideBladeMenuButton</include>
                </control>				
				<control type="radiobutton" id="88552200">
					<include>SideBladeMenuButton</include>
					<label>$LOCALIZE[31268]</label>
					<onclick>Skin.ToggleSetting(MyWeatherDisableFanArt)</onclick>
					<selected>Skin.HasSetting(MyWeatherDisableFanArt)</selected>
				</control>				
                <control type="button" id="84403">
                    <!--Open Skin settings-->
                    <include>SideBladeMenuButton</include>
                    <label>$LOCALIZE[20077]</label>
                    <onclick>ClearProperty(ShowViewSubMenu,Home)</onclick>
                    <onclick>SetFocus(5000)</onclick>
                    <onclick>SetProperty(SkinSettingSection,6,Home)</onclick>
                    <onclick>ActivateWindow(1105)</onclick>
                </control>
            </control>
            <control type="label">
                <!--Location Label UnFocus-->
                <visible>!ControlGroup(9000).HasFocus(3)</visible>
                <description>Location Label</description>
                <posx>21</posx>
                <posy>315</posy>
                <width>400</width>
				<include>SideBladeMenuButton</include>
                <label>$INFO[Control.GetLabel(3)]</label>
                <textoffsetx>40</textoffsetx>
            </control>
            <control type="label">
                <!--Location Label Focus-->
                <visible>ControlGroup(9000).HasFocus(3)</visible>
                <description>Location Label</description>
                <posx>21</posx>
                <posy>315</posy>
                <width>400</width>
                <textcolor>$INFO[Skin.String(ButtonFocusTextColor)]</textcolor>
				<font>Reg26</font>
                <label>$INFO[Control.GetLabel(3)]</label>
                <textoffsetx>40</textoffsetx>
            </control>
        </control>
        <include condition="Skin.HasSetting(DebugGrid) | Skin.HasSetting(DebugInfo)">DebugInfo</include>
    </controls>
</window>
