<?xml version="1.0" encoding="UTF-8"?>
<includes>   
  <include name="View_57_BigPanel">
    <control type="group">
      <visible>Control.IsVisible(57)</visible>
      <include>animation_view_change</include>	  	  
	  <control type="panel" id="57">
        <viewtype label="31426">Big Panel</viewtype>
        <include content="View_Forced">
            <param name="viewtype" value="$LOCALIZE[31426]" />
        </include>
        <posx>50</posx>
        <bottom>146</bottom>
        <height>738</height>
        <width>1834</width>
        <orientation>vertical</orientation>
        <onleft>9000</onleft>
        <onright>60</onright>
        <onup>57</onup>
        <ondown>57</ondown>
		<onback>ClearProperty(ListAnimation,home)</onback>
        <preloaditems>4</preloaditems>
        <pagecontrol>60</pagecontrol>
		<scrolltime tween="quadratic">400</scrolltime>
        <itemlayout height="369" width="260">
          <control type="group">
            <width>260</width>
            <height>369</height>
            <include>PosterPanelLayout</include>
        <control type="group">
            <!--Watched Overlay-->
            <right>8</right>
            <top>8</top>
            <include>WatchedIndicatorNormal</include>
        </control>
          </control>
        </itemlayout>
        <focusedlayout height="369" width="260">
          <control type="group">
            <width>260</width>
            <height>369</height>
            <include>PosterPanelLayoutFocus</include>
        <control type="group">
            <!--Watched Overlay-->
            <right>8</right>
            <top>8</top>
            <include>WatchedIndicatorNormal</include>
        </control>
          </control>
		  <include>LibraryAutoTrailerStopButton</include>
		  <control type="button">
			<visible>false</visible>	
			<onfocus>AlarmClock(SetList,ClearProperty(ListAnimation,home),00:00,silent)</onfocus>
			<onfocus>AlarmClock(SetList,SetProperty(ListAnimation,1,home),00:00,silent)</onfocus>					
		  </control>
        </focusedlayout>
        </control>
      
		<!--vertical Scollbar-->
		<control type="scrollbar" id="60">
			<visible>Control.IsVisible(57) + Integer.IsGreater(Container.NumItems,0)</visible>
			<right>10</right>
			<bottom>154</bottom>
			<height>722</height>
			<onup>60</onup>
			<ondown>6000</ondown>
			<onleft>57</onleft>
			<animation effect="fade" start="0" end="100" time="400" condition="[Control.HasFocus(60) | String.IsEqual(Skin.String(scrollbar_visibility),always_show)]">Conditional</animation>
			<animation effect="fade" start="100" end="0" time="400" condition="![Control.HasFocus(60) | String.IsEqual(Skin.String(scrollbar_visibility),always_show)]">Conditional</animation>
		</control>
    </control>
  </include>
</includes>
