<?xml version="1.0" encoding="utf-8"?>
<!-- BINGIE -->
<shortcuts>
	<!-- Search -->
	<shortcut>
		<label>$LOCALIZE[137]</label>
		<label2 />
		<icon>shortcuts/search.png</icon>
		<thumb />
		<action>ActivateWindow(1109,return)</action>
	</shortcut>

	<!-- Home -->
	<shortcut>
		<label>$LOCALIZE[10000]</label>
		<label2 />
		<icon>shortcuts/home.png</icon>
		<thumb />
		<action>ActivateWindow(home,return)</action>
	</shortcut>

	<!-- New/Popular Hub -->
	<shortcut>
		<label>$LOCALIZE[31227]</label>
		<label2 />
		<icon>shortcuts/new.png</icon>
		<thumb />
		<action>ActivateWindow(1112,return)</action>
	</shortcut>
	
	<!-- TV hub -->
	<shortcut>
		<label>$LOCALIZE[31566]</label>
		<label2 />
		<defaultID>shows</defaultID>
		<icon>shortcuts/tv.png</icon>
        <thumb />
		<action>ActivateWindow(1110,return)</action>
	</shortcut>

	<!-- Movies hub -->
	<shortcut>
		<label>$LOCALIZE[342]</label>
		<label2 />
		<defaultID>movies</defaultID>
		<icon>shortcuts/clapperboard.png</icon>
		<thumb />
		<action>ActivateWindow(1111,return)</action>
	</shortcut>
	
	<!-- Category hub -->
	<shortcut>
		<label>$LOCALIZE[31025]</label>
		<label2 />
		<icon>shortcuts/categories.png</icon>
        <thumb />
		<action>ActivateWindow(1119,return)</action>
	</shortcut>

	<!-- My List Hub -->
    <shortcut>
        <label>$LOCALIZE[31534]</label>
        <label2 />
        <icon>shortcuts/mylist.png</icon>
        <thumb />
        <action>ActivateWindow(1114,return)</action>
    </shortcut>

</shortcuts>
