<?xml version='1.0' encoding='UTF-8'?>
<shortcuts>
	<shortcut>
		<label>$LOCALIZE[31051]</label>
		<label2 />
		<defaultID>369</defaultID>
		<icon />
		<thumb />
		<action>ActivateWindow(Videos,videodb://tvshows/titles/,return)</action>
		<visible>Library.HasContent(TVShows)</visible>
	</shortcut>
	<shortcut>
		<label>$LOCALIZE[31051]</label>
		<label2 />
		<defaultID>369</defaultID>
		<icon />
		<thumb />
		<action>ActivateWindow(Videos,"plugin://plugin.video.tmdb.bingie.helper/?info=dir_tv&amp;tmdb_type=None&amp;reload=$INFO[Window(Home).Property(TMDbBingieHelper.Widgets.Reload)]",return)</action>
		<visible>!Library.HasContent(Movies) + !Library.HasContent(TVShows)</visible>
	</shortcut>
	<shortcut>
		<label>$LOCALIZE[31101]</label>
		<label2 />
		<defaultID>369</defaultID>
		<icon/>
		<thumb />
		<action>ActivateWindow(Videos,special://skin/extras/widgetplaylists/recentlyaddedtvshows.xsp,return)</action>
		<visible>Library.HasContent(TVShows)</visible>
	</shortcut>
	<shortcut>
		<label>$LOCALIZE[20387]</label>
		<label2 />
		<defaultID>20387</defaultID>
		<icon />
		<thumb />
		<action>ActivateWindow(Videos,videodb://recentlyaddedepisodes/,return)</action>
		<visible>Library.HasContent(TVShows)</visible>
	</shortcut>
	<shortcut>
		<label>$LOCALIZE[626]</label>
		<label2 />
		<defaultID>626</defaultID>
		<icon />
		<thumb />
		<action>ActivateWindow(Videos,videodb://inprogresstvshows/,return)</action>
		<visible>Library.HasContent(TVShows)</visible>
	</shortcut>
	<shortcut>
		<label>$LOCALIZE[135]</label>
		<label2 />
		<defaultID>135</defaultID>
		<icon />
		<thumb />
		<action>ActivateWindow(Videos,videodb://tvshows/genres/,return)</action>
		<visible>Library.HasContent(TVShows)</visible>
	</shortcut>
	<shortcut>
		<label>$LOCALIZE[135]</label>
		<label2 />
		<defaultID>135</defaultID>
		<icon />
		<thumb />
		<action>ActivateWindow(Videos,"plugin://plugin.video.tmdb.bingie.helper/?info=genres&amp;tmdb_type=tv&amp;reload=$INFO[Window(Home).Property(TMDbBingieHelper.Widgets.Reload)]",return)</action>
		<visible>!Library.HasContent(Movies) + !Library.HasContent(TVShows)</visible>
	</shortcut>
</shortcuts>
