<?xml version="1.0" encoding="utf-8"?>
<!-- BINGIE -->
<includes>

    <include name="DefaultSkinSettings">
        <include condition="!Skin.HasSetting(HomeMenuDefaults46) | String.IsEmpty(Window(Home).Property(startupDone))">DefaultSkinSettingsValues</include>
        <!-- initialize some addons on startup -->
        <include condition="String.IsEmpty(Window(Home).Property(startupDone))">startupskinsettingsvalues</include>
    </include>

    <include name="startupskinsettingsvalues">
        <onload>SetProperty(startupDone,loaded,Home)</onload>
    </include>
  
  <!-- various default settings  -->
  <include name="DefaultSkinSettingsValues">
	<onload condition="!Skin.HasSetting(HomeMenuDefaults46)">Skin.SetBool(ShowFanartBackground)</onload>
	<onload condition="!Skin.HasSetting(HomeMenuDefaults46)">Skin.SetBool(DetailsShowFanart)</onload>
	<onload condition="!Skin.HasSetting(HomeMenuDefaults46)">Skin.SetBool(View514_ShowCDart)</onload>
	<onload condition="!Skin.HasSetting(HomeMenuDefaults46)">Skin.SetBool(View513_ShowCDart)</onload>
	<onload condition="!Skin.HasSetting(HomeMenuDefaults46)">Skin.SetBool(View58_ShowCDart)</onload>
    <onload condition="!Skin.HasSetting(HomeMenuDefaults46)">Skin.SetBool(View525_DisableFixedBingieFrame)</onload>
	<onload condition="!Skin.HasSetting(HomeMenuDefaults46)">Skin.SetBool(View527_DisableFixedBingieFrame)</onload>
	<onload condition="!Skin.HasSetting(HomeMenuDefaults46)">Skin.SetBool(PanelViewShowInfo)</onload>
	<onload condition="!Skin.HasSetting(HomeMenuDefaults46)">Skin.SetBool(LandscapeViewShowInfo)</onload>
	<onload condition="!Skin.HasSetting(HomeMenuDefaults46)">Skin.SetBool(LogoViewShowInfo)</onload>
	<onload condition="!Skin.HasSetting(HomeMenuDefaults46)">Skin.SetBool(ShowCaseViewShowInfo)</onload>
	<onload condition="!Skin.HasSetting(HomeMenuDefaults46)">Skin.SetBool(AnimateDiscArt)</onload>
	<onload condition="!Skin.HasSetting(HomeMenuDefaults46)">Skin.SetString(GuideRows,9)</onload>
	<onload condition="!Skin.HasSetting(HomeMenuDefaults46)">Skin.SetBool(GuideShowInfo)</onload>
	<onload condition="!Skin.HasSetting(HomeMenuDefaults46)">Skin.SetBool(HideOSDDisc)</onload>
	<onload condition="!Skin.HasSetting(HomeMenuDefaults46)">Skin.SetBool(pvrGuideOnFullscreenVideo)</onload>
	<onload condition="!Skin.HasSetting(HomeMenuDefaults46)">Skin.SetBool(WatchedIndicator.Watched)</onload>
	<onload condition="!Skin.HasSetting(HomeMenuDefaults46)">Skin.SetBool(WatchedIndicator.Progress)</onload>
	<onload condition="!Skin.HasSetting(HomeMenuDefaults46)">Skin.SetBool(WatchedIndicator.Episodes)</onload>
	<onload condition="!Skin.HasSetting(HomeMenuDefaults46)">Skin.SetBool(WatchedIndicator.Playing)</onload>
	<onload condition="!Skin.HasSetting(HomeMenuDefaults46)">Skin.SetBool(UseBingieOSD)</onload>
	<onload condition="!Skin.HasSetting(HomeMenuDefaults46)">Skin.SetBool(EnableBufferingProgressOSD)</onload>
	<onload condition="!Skin.HasSetting(HomeMenuDefaults46)">Skin.SetBool(DisablePlotAutoScroll)</onload>
	<onload condition="!Skin.HasSetting(HomeMenuDefaults46)">Skin.SetString(AutoYoutubeTrailer,true)</onload>
	<onload condition="!Skin.HasSetting(HomeMenuDefaults46)">Skin.SetBool(EnableFixedFrameWidgets)</onload>
	<onload condition="!Skin.HasSetting(HomeMenuDefaults46)">Skin.SetBool(ShowInformationBypass)</onload>
	<onload condition="!Skin.HasSetting(HomeMenuDefaults46)">Skin.SetBool(MovieDetailsHome)</onload>
	<onload condition="!Skin.HasSetting(HomeMenuDefaults46)">Skin.SetBool(LockHubWidgets)</onload>
	<onload condition="!Skin.HasSetting(HomeMenuDefaults46)">Skin.SetBool(UseBingieInfoDialog)</onload>
	<onload condition="!Skin.HasSetting(HomeMenuDefaults46)">Skin.SetBool(ForceVideoPlaybackStop)</onload>
	<onload condition="!Skin.HasSetting(HomeMenuDefaults46)">Skin.SetBool(AutoCloseVideoOSD)</onload>
	<onload condition="!Skin.HasSetting(HomeMenuDefaults46)">Skin.SetString(WidgetsGlobalLimit,30)</onload>
	<onload condition="!Skin.HasSetting(HomeMenuDefaults46)">Skin.SetBool(EnableStudioLogoInfoDialog)</onload>
	<onload condition="!Skin.HasSetting(HomeMenuDefaults46)">Skin.SetBool(DisableScrollingLetters)</onload>
	<onload condition="!Skin.HasSetting(HomeMenuDefaults46)">Skin.SetBool(EnableBingieSearchAuto)</onload>
	<onload condition="!Skin.HasSetting(HomeMenuDefaults46)">Skin.SetBool(EnableAutoPauseOnOSD)</onload>
	<onload condition="!Skin.HasSetting(HomeMenuDefaults46)">Skin.SetBool(ratings_IMDB)</onload>
	<onload condition="!Skin.HasSetting(HomeMenuDefaults46)">Skin.SetBool(ratings_Top250)</onload>
	<onload condition="!Skin.HasSetting(HomeMenuDefaults46)">Skin.SetBool(ratings_RT)</onload>
	<onload condition="!Skin.HasSetting(HomeMenuDefaults46)">Skin.SetBool(ratings_RTAudience)</onload>
	<onload condition="!Skin.HasSetting(HomeMenuDefaults46)">Skin.SetBool(ratings_TMdb)</onload>
	<onload condition="!Skin.HasSetting(HomeMenuDefaults46)">Skin.SetBool(ratings_Trakt)</onload>
	<onload condition="!Skin.HasSetting(HomeMenuDefaults46)">Skin.SetBool(ratings_Metacritic)</onload>
	<onload condition="!Skin.HasSetting(HomeMenuDefaults46)">Skin.SetBool(ratings_Oscar)</onload>
	<onload condition="!Skin.HasSetting(HomeMenuDefaults46)">Skin.SetBool(ratings_GoldenGlobe)</onload>
	<onload condition="!Skin.HasSetting(HomeMenuDefaults46)">Skin.SetBool(ratings_Emmy)</onload>
	<onload condition="!Skin.HasSetting(HomeMenuDefaults46)">Skin.SetBool(details_row_thumbs)</onload>
	<onload condition="!Skin.HasSetting(HomeMenuDefaults46)">Skin.SetBool(details_row_new)</onload>
	<onload condition="!Skin.HasSetting(HomeMenuDefaults46)">Skin.SetBool(details_row_rating)</onload>
	<onload condition="!Skin.HasSetting(HomeMenuDefaults46)">Skin.SetBool(details_row_year)</onload>
	<onload condition="!Skin.HasSetting(HomeMenuDefaults46)">Skin.SetBool(details_row_mpaa)</onload>
	<onload condition="!Skin.HasSetting(HomeMenuDefaults46)">Skin.SetBool(details_row_duration)</onload>
	<onload condition="!Skin.HasSetting(HomeMenuDefaults46)">Skin.SetBool(details_row_resolution)</onload>
	<onload condition="!Skin.HasSetting(HomeMenuDefaults46)">Skin.SetBool(details_row_audio)</onload>
	<onload condition="!Skin.HasSetting(HomeMenuDefaults46)">Skin.SetBool(videoinfo_button_myrating)</onload>
	<onload condition="!Skin.HasSetting(HomeMenuDefaults46)">Skin.SetBool(videoinfo_button_play_beginning)</onload>
	<onload condition="!Skin.HasSetting(HomeMenuDefaults46)">Skin.SetBool(videoinfo_button_play_next)</onload>
	<onload condition="!Skin.HasSetting(HomeMenuDefaults46)">Skin.SetBool(videoinfo_button_play_next_tmdb)</onload>
	<onload condition="!Skin.HasSetting(HomeMenuDefaults46)">Skin.SetBool(videoinfo_button_trailer)</onload>
	<onload condition="!Skin.HasSetting(HomeMenuDefaults46)">Skin.SetBool(videoinfo_button_trailersandmore)</onload>
	<onload condition="!Skin.HasSetting(HomeMenuDefaults46)">Skin.SetBool(videoinfo_button_mylist)</onload>
	<onload condition="!Skin.HasSetting(HomeMenuDefaults46)">Skin.SetBool(videoinfo_button_trakt)</onload>
	<onload condition="!Skin.HasSetting(HomeMenuDefaults46)">Skin.SetBool(videoinfo_button_plot)</onload>
	<onload condition="!Skin.HasSetting(HomeMenuDefaults46)">Skin.SetBool(videoinfo_button_cast)</onload>
	<onload condition="!Skin.HasSetting(HomeMenuDefaults46)">Skin.SetBool(videoinfo_button_wikipedia)</onload>
	<onload condition="!Skin.HasSetting(HomeMenuDefaults46)">Skin.SetBool(videoinfo_button_similar)</onload>
	<onload condition="!Skin.HasSetting(HomeMenuDefaults46)">Skin.SetBool(videoinfo_button_versions)</onload>
	<onload condition="!Skin.HasSetting(HomeMenuDefaults46)">Skin.SetBool(videoinfo_button_moreinfo)</onload>
	<onload condition="!Skin.HasSetting(HomeMenuDefaults46)">Skin.SetBool(videoinfo_button_artwork)</onload>
	<onload condition="!Skin.HasSetting(HomeMenuDefaults46)">Skin.SetBool(videoinfo_button_refresh)</onload>
	<onload condition="!Skin.HasSetting(HomeMenuDefaults46)">Skin.SetBool(videoinfo_details_cast)</onload>
	<onload condition="!Skin.HasSetting(HomeMenuDefaults46)">Skin.SetBool(videoinfo_details_director)</onload>
	<onload condition="!Skin.HasSetting(HomeMenuDefaults46)">Skin.SetBool(videoinfo_details_creator)</onload>
	<onload condition="!Skin.HasSetting(HomeMenuDefaults46)">Skin.SetBool(videoinfo_details_genre)</onload>
	<onload condition="!Skin.HasSetting(HomeMenuDefaults46)">Skin.SetBool(tmdbhelper_search_all)</onload>		
	<onload condition="!Skin.HasSetting(HomeMenuDefaults46)">Skin.SetBool(categories_list_action)</onload>
	<onload condition="!Skin.HasSetting(HomeMenuDefaults46)">Skin.SetBool(categories_list_dramas)</onload>
	<onload condition="!Skin.HasSetting(HomeMenuDefaults46)">Skin.SetBool(categories_list_comedies)</onload>
	<onload condition="!Skin.HasSetting(HomeMenuDefaults46)">Skin.SetBool(categories_list_family)</onload>
	<onload condition="!Skin.HasSetting(HomeMenuDefaults46)">Skin.SetBool(categories_list_horror)</onload>
	<onload condition="!Skin.HasSetting(HomeMenuDefaults46)">Skin.SetBool(categories_list_documentaries)</onload>
	<onload condition="!Skin.HasSetting(HomeMenuDefaults46)">Skin.SetBool(categories_list_anime)</onload>
	<onload condition="!Skin.HasSetting(HomeMenuDefaults46)">Skin.SetBool(categories_list_crime)</onload>
	<onload condition="!Skin.HasSetting(HomeMenuDefaults46)">Skin.SetBool(categories_list_fantasy)</onload>
	<onload condition="!Skin.HasSetting(HomeMenuDefaults46)">Skin.SetBool(categories_list_history)</onload>
	<onload condition="!Skin.HasSetting(HomeMenuDefaults46)">Skin.SetBool(categories_list_animations)</onload>
	<onload condition="!Skin.HasSetting(HomeMenuDefaults46)">Skin.SetBool(categories_list_musicals)</onload>
	<onload condition="!Skin.HasSetting(HomeMenuDefaults46)">Skin.SetBool(categories_list_romance)</onload>
	<onload condition="!Skin.HasSetting(HomeMenuDefaults46)">Skin.SetBool(categories_list_sci-fi)</onload>
	<onload condition="!Skin.HasSetting(HomeMenuDefaults46)">Skin.SetBool(categories_list_mysteries)</onload>
	<onload condition="!Skin.HasSetting(HomeMenuDefaults46)">Skin.SetBool(categories_list_thriller)</onload>
	<onload condition="!Skin.HasSetting(HomeMenuDefaults46)">Skin.SetBool(categories_list_westerns)</onload>
	<onload condition="!Skin.HasSetting(HomeMenuDefaults46)">Skin.SetBool(categories_list_tvaction)</onload>
	<onload condition="!Skin.HasSetting(HomeMenuDefaults46)">Skin.SetBool(categories_list_tvdramas)</onload>
	<onload condition="!Skin.HasSetting(HomeMenuDefaults46)">Skin.SetBool(categories_list_tvcomedies)</onload>
	<onload condition="!Skin.HasSetting(HomeMenuDefaults46)">Skin.SetBool(categories_list_tvfamily)</onload>
	<onload condition="!Skin.HasSetting(HomeMenuDefaults46)">Skin.SetBool(categories_list_tvdocumentaries)</onload>
	<onload condition="!Skin.HasSetting(HomeMenuDefaults46)">Skin.SetBool(categories_list_tvcrime)</onload>
	<onload condition="!Skin.HasSetting(HomeMenuDefaults46)">Skin.SetBool(categories_list_tvfantasy)</onload>
	<onload condition="!Skin.HasSetting(HomeMenuDefaults46)">Skin.SetBool(categories_list_tvwar)</onload>
	<onload condition="!Skin.HasSetting(HomeMenuDefaults46)">Skin.SetBool(categories_list_tvanimations)</onload>
	<onload condition="!Skin.HasSetting(HomeMenuDefaults46)">Skin.SetBool(categories_list_tvmysteries)</onload>
	<onload condition="!Skin.HasSetting(HomeMenuDefaults46)">Skin.SetBool(categories_list_tvwesterns)</onload>	
	<onload condition="!Skin.HasSetting(HomeMenuDefaults46)">Skin.SetBool(bingie_osd_buttons_info)</onload>
	<onload condition="!Skin.HasSetting(HomeMenuDefaults46)">Skin.SetBool(bingie_osd_buttons_video)</onload>
	<onload condition="!Skin.HasSetting(HomeMenuDefaults46)">Skin.SetBool(bingie_osd_buttons_audio)</onload>
	<onload condition="!Skin.HasSetting(HomeMenuDefaults46)">Skin.SetBool(bingie_osd_buttons_subtitles)</onload>
	<onload condition="!Skin.HasSetting(HomeMenuDefaults46)">Skin.SetBool(bingie_osd_buttons_back)</onload>
	<onload condition="!Skin.HasSetting(HomeMenuDefaults46)">Skin.SetBool(bingie_osd_buttons_play_beginning)</onload>
	<onload condition="!Skin.HasSetting(HomeMenuDefaults46)">Skin.SetBool(bingie_osd_buttons_record)</onload>
	<onload condition="!Skin.HasSetting(HomeMenuDefaults46)">Skin.SetBool(bingie_osd_buttons_pvrguide)</onload>
	<onload condition="!Skin.HasSetting(HomeMenuDefaults46)">Skin.SetBool(bingie_osd_buttons_channellist)</onload>
	<onload condition="!Skin.HasSetting(HomeMenuDefaults46)">Skin.SetBool(bingie_osd_buttons_bookmarks)</onload>
	<onload condition="!Skin.HasSetting(HomeMenuDefaults46)">Skin.SetBool(bingie_osd_buttons_playlist)</onload>
	<onload condition="!Skin.HasSetting(HomeMenuDefaults46)">Skin.SetBool(bingie_osd_buttons_viz)</onload>
	<onload condition="!Skin.HasSetting(HomeMenuDefaults46)">Skin.SetBool(bingie_osd_buttons_lyrics)</onload>
	<onload condition="!Skin.HasSetting(HomeMenuDefaults46)">Skin.SetBool(EnableTop250)</onload>
	<onload condition="!Skin.HasSetting(HomeMenuDefaults46)">Skin.SetBool(EnableSpotlightTop250)</onload>
			
		<!-- default splash resolution -->
        <onload condition="String.IsEmpty(Skin.String(SplashAnimationResolution))">Skin.SetString(SplashAnimationResolution,1080p)</onload>
        <!-- default color settings -->
		<onload condition="!Skin.String(LineUnderMenuIconsColor)">Skin.SetString(LineUnderMenuIconsColor,ffe50914)</onload>
        <onload condition="!Skin.String(LineUnderMenuIconsColor.name)">Skin.SetString(LineUnderMenuIconsColor.name,$LOCALIZE[13343])</onload>
        <onload condition="!Skin.String(HeaderTextColor)">Skin.SetString(HeaderTextColor,ffffffff)</onload>
        <onload condition="!Skin.String(HeaderTextColor.name)">Skin.SetString(HeaderTextColor.name,$LOCALIZE[742])</onload>
        <onload condition="!Skin.String(HeaderTextShadowColor)">Skin.SetString(HeaderTextShadowColor,ff000000)</onload>
        <onload condition="!Skin.String(HeaderTextShadowColor.name)">Skin.SetString(HeaderTextShadowColor.name,$LOCALIZE[353])</onload>
        <onload condition="!Skin.String(ViewDetailsTextShadowColor)">Skin.SetString(ViewDetailsTextShadowColor,None)</onload>
        <onload condition="!Skin.String(ViewDetailsTextShadowColor.name)">Skin.SetString(ViewDetailsTextShadowColor.name,$LOCALIZE[231])</onload>
        <onload condition="!Skin.String(ViewDetailsTextColor)">Skin.SetString(ViewDetailsTextColor,ffffffff)</onload>
        <onload condition="!Skin.String(ViewDetailsTextColor.name)">Skin.SetString(ViewDetailsTextColor.name,$LOCALIZE[742])</onload>
        <onload condition="!Skin.String(ViewDetailsHighlightTextColor)">Skin.SetString(ViewDetailsHighlightTextColor,ffffffff)</onload>
        <onload condition="!Skin.String(ViewDetailsHighlightTextColor.name)">Skin.SetString(ViewDetailsHighlightTextColor.name,$LOCALIZE[742])</onload>
        <onload condition="!Skin.String(ViewDetailsListItemTextColor)">Skin.SetString(ViewDetailsListItemTextColor,ffffffff)</onload>
        <onload condition="!Skin.String(ViewDetailsListItemTextColor.name)">Skin.SetString(ViewDetailsListItemTextColor.name,$LOCALIZE[742])</onload>
        <onload condition="!Skin.String(ViewDetailsListItemTextFocusColor)">Skin.SetString(ViewDetailsListItemTextFocusColor,ff000000)</onload>
        <onload condition="!Skin.String(ViewDetailsListItemTextFocusColor.name)">Skin.SetString(ViewDetailsListItemTextFocusColor.name,$LOCALIZE[353])</onload>
        <onload condition="!Skin.String(ViewDetailsFocusColor)">Skin.SetString(ViewDetailsFocusColor,ffb4b4b4)</onload>
        <onload condition="!Skin.String(ViewDetailsFocusColor.name)">Skin.SetString(ViewDetailsFocusColor.name,$LOCALIZE[766])</onload>
        <onload condition="!Skin.String(ViewDetailsBorderFocusColor)">Skin.SetString(ViewDetailsBorderFocusColor,ffffffff)</onload>
        <onload condition="!Skin.String(ViewDetailsBorderFocusColor.name)">Skin.SetString(ViewDetailsBorderFocusColor.name,$LOCALIZE[742])</onload>
		<onload condition="!Skin.String(ViewDetailsBorderUnfocusColor)">Skin.SetString(ViewDetailsBorderUnfocusColor,ff414141)</onload>
        <onload condition="!Skin.String(ViewDetailsBorderUnfocusColor.name)">Skin.SetString(ViewDetailsBorderUnfocusColor.name,$LOCALIZE[768])</onload>
        <onload condition="!Skin.String(ButtonFocusColor)">Skin.SetString(ButtonFocusColor,ffb4b4b4)</onload>
        <onload condition="!Skin.String(ButtonFocusColor.name)">Skin.SetString(ButtonFocusColor.name,$LOCALIZE[766])</onload>
        <onload condition="!Skin.String(GeneralPanelsColor)">Skin.SetString(GeneralPanelsColor,cc0a0a0a)</onload>
        <onload condition="!Skin.String(GeneralPanelsColor.name)">Skin.SetString(GeneralPanelsColor.name,$LOCALIZE[353])</onload>
        <onload condition="!Skin.String(FooterTextColor)">Skin.SetString(FooterTextColor,ffffffff)</onload>
        <onload condition="!Skin.String(FooterTextColor.name)">Skin.SetString(FooterTextColor.name,$LOCALIZE[742])</onload>
        <onload condition="!Skin.String(ButtonTextColor)">Skin.SetString(ButtonTextColor,ffffffff)</onload>
        <onload condition="!Skin.String(ButtonTextColor.name)">Skin.SetString(ButtonTextColor.name,$LOCALIZE[742])</onload>
        <onload condition="!Skin.String(ButtonFocusTextColor)">Skin.SetString(ButtonFocusTextColor,ff000000)</onload>
        <onload condition="!Skin.String(ButtonFocusTextColor.name)">Skin.SetString(ButtonFocusTextColor.name,$LOCALIZE[353])</onload>
        <onload condition="!Skin.String(GeneralTextColor)">Skin.SetString(GeneralTextColor,ffffffff)</onload>
        <onload condition="!Skin.String(GeneralTextColor.name)">Skin.SetString(GeneralTextColor.name,$LOCALIZE[742])</onload>
        <onload condition="!Skin.String(BingiePrimaryTextColor)">Skin.SetString(BingiePrimaryTextColor,ffffffff)</onload>
        <onload condition="!Skin.String(BingiePrimaryTextColor.name)">Skin.SetString(BingiePrimaryTextColor.name,$LOCALIZE[742])</onload>
        <onload condition="!Skin.String(BingieSecondaryTextColor)">Skin.SetString(BingieSecondaryTextColor,73ffffff)</onload>
        <onload condition="!Skin.String(BingieSecondaryTextColor.name)">Skin.SetString(BingieSecondaryTextColor.name,$LOCALIZE[767])</onload>
		<onload condition="!Skin.String(MainMenuButtonColor)">Skin.SetString(MainMenuButtonColor,80ffffff)</onload>
        <onload condition="!Skin.String(MainMenuButtonColor.name)">Skin.SetString(MainMenuButtonColor.name,$LOCALIZE[767])</onload>
        <onload condition="!Skin.String(MainMenuFocusButtonColor)">Skin.SetString(MainMenuFocusButtonColor,ffffffff)</onload>
        <onload condition="!Skin.String(MainMenuFocusButtonColor.name)">Skin.SetString(MainMenuFocusButtonColor.name,$LOCALIZE[742])</onload>
        <onload condition="!Skin.String(BingieDetailsFlagColor)">Skin.SetString(BingieDetailsFlagColor,ff414141)</onload>
        <onload condition="!Skin.String(BingieDetailsFlagColor.name)">Skin.SetString(BingieDetailsFlagColor.name,$LOCALIZE[768])</onload>
		<onload condition="!Skin.String(BingieDetailsFlagTextColor)">Skin.SetString(BingieDetailsFlagTextColor,b3ffffff)</onload>
        <onload condition="!Skin.String(BingieDetailsFlagTextColor.name)">Skin.SetString(BingieDetailsFlagTextColor.name,$LOCALIZE[766])</onload>
        <onload condition="!Skin.String(BingieRatingInDetailsColor)">Skin.SetString(BingieRatingInDetailsColor,ff41b957)</onload>
        <onload condition="!Skin.String(BingieRatingInDetailsColor.name)">Skin.SetString(BingieRatingInDetailsColor.name,$LOCALIZE[13341])</onload>
        <onload condition="!Skin.String(BingieNewEpisodesTagColor)">Skin.SetString(BingieNewEpisodesTagColor,ffe50914)</onload>
        <onload condition="!Skin.String(BingieNewEpisodesTagColor.name)">Skin.SetString(BingieNewEpisodesTagColor.name,$LOCALIZE[13343])</onload>
		<onload condition="!Skin.String(NewEpisodes.TextColor)">Skin.SetString(NewEpisodes.TextColor,ffffffff)</onload>
        <onload condition="!Skin.String(NewEpisodes.TextColor.name)">Skin.SetString(NewEpisodes.TextColor.name,$LOCALIZE[742])</onload>
		<onload condition="!Skin.String(BingieTop250IconColor)">Skin.SetString(BingieTop250IconColor,ffffffff)</onload>
        <onload condition="!Skin.String(BingieTop250IconColor.name)">Skin.SetString(BingieTop250IconColor.name,$LOCALIZE[742])</onload>
		<onload condition="!Skin.String(BingieAdditionalInfoIconsColor)">Skin.SetString(BingieAdditionalInfoIconsColor,ffffffff)</onload>
        <onload condition="!Skin.String(BingieAdditionalInfoIconsColor.name)">Skin.SetString(BingieAdditionalInfoIconsColor.name,$LOCALIZE[742])</onload>
        <onload condition="!Skin.String(BingieAdditionalInfoTextColor)">Skin.SetString(BingieAdditionalInfoTextColor,ffffffff)</onload>
        <onload condition="!Skin.String(BingieAdditionalInfoTextColor.name)">Skin.SetString(BingieAdditionalInfoTextColor.name,$LOCALIZE[742])</onload>
        <onload condition="!Skin.String(BingieSubLabelTextColor)">Skin.SetString(BingieSubLabelTextColor,ffffffff)</onload>
        <onload condition="!Skin.String(BingieLabelTextColor.name)">Skin.SetString(BingieLabelTextColor.name,$LOCALIZE[742])</onload>
		<onload condition="!Skin.String(BingieLabelTextColor)">Skin.SetString(BingieLabelTextColor,ffffffff)</onload>
        <onload condition="!Skin.String(BingieSubLabelTextColor.name)">Skin.SetString(BingieSubLabelTextColor.name,$LOCALIZE[742])</onload>
        <onload condition="!Skin.String(BackgroundDiffuseColor)">Skin.SetString(BackgroundDiffuseColor,26ffffff)</onload>
        <onload condition="!Skin.String(BackgroundDiffuseColor.name)">Skin.SetString(BackgroundDiffuseColor.name,$LOCALIZE[767])</onload>
		<onload condition="!Skin.String(BackgroundOverlayColor)">Skin.SetString(BackgroundOverlayColor,None)</onload>
        <onload condition="!Skin.String(BackgroundOverlayColor.name)">Skin.SetString(BackgroundOverlayColor.name,$LOCALIZE[231])</onload>
        <onload condition="!Skin.String(OSDPanelColor)">Skin.SetString(OSDPanelColor,cc000000)</onload>
        <onload condition="!Skin.String(OSDPanelColor.name)">Skin.SetString(OSDPanelColor.name,$LOCALIZE[353])</onload>
        <onload condition="!Skin.String(ButtonColor)">Skin.SetString(ButtonColor,ff141414)</onload>
        <onload condition="!Skin.String(ButtonColor.name)">Skin.SetString(ButtonColor.name,$LOCALIZE[31642])</onload>
        <onload condition="!Skin.String(FooterTextShadowColor)">Skin.SetString(FooterTextShadowColor,None)</onload>
        <onload condition="!Skin.String(FooterTextShadowColor.name)">Skin.SetString(FooterTextShadowColor.name,$LOCALIZE[231])</onload>
        <onload condition="!Skin.String(OSDPrimaryTextColor)">Skin.SetString(OSDPrimaryTextColor,ffffffff)</onload>
        <onload condition="!Skin.String(OSDPrimaryTextColor.name)">Skin.SetString(OSDPrimaryTextColor.name,$LOCALIZE[742])</onload>
        <onload condition="!Skin.String(OSDPrimaryTextShadowColor)">Skin.SetString(OSDPrimaryTextShadowColor,None)</onload>
        <onload condition="!Skin.String(OSDPrimaryTextShadowColor.name)">Skin.SetString(OSDPrimaryTextShadowColor.name,$LOCALIZE[231])</onload>
        <onload condition="!Skin.String(OSDProgressBarColor)">Skin.SetString(OSDProgressBarColor,ffe50914)</onload>
        <onload condition="!Skin.String(OSDProgressBarColor.name)">Skin.SetString(OSDProgressBarColor.name,$LOCALIZE[13343])</onload>
        <onload condition="!Skin.String(OSDProgressBarBackgroundColor)">Skin.SetString(OSDProgressBarBackgroundColor,bb0f0f0f)</onload>
        <onload condition="!Skin.String(OSDProgressBarBackgroundColor.name)">Skin.SetString(OSDProgressBarBackgroundColor.name,$LOCALIZE[31279])</onload>
        <onload condition="!Skin.String(OSDProgressBarCacheColor)">Skin.SetString(OSDProgressBarCacheColor,80e50914)</onload>
        <onload condition="!Skin.String(OSDProgressBarCacheColor.name)">Skin.SetString(OSDProgressBarCacheColor.name,$LOCALIZE[31539])</onload>
        <onload condition="!Skin.String(OSDProgressBarBorderColor)">Skin.SetString(OSDProgressBarBorderColor,b33b3b3b)</onload>
        <onload condition="!Skin.String(OSDProgressBarBorderColor.name)">Skin.SetString(OSDProgressBarBorderColor.name,$LOCALIZE[768])</onload>
        <onload condition="!Skin.String(OSDButtonsFocusColor)">Skin.SetString(OSDButtonsFocusColor,ffffffff)</onload>
        <onload condition="!Skin.String(OSDButtonsFocusColor.name)">Skin.SetString(OSDButtonsFocusColor.name,$LOCALIZE[742])</onload>
        <onload condition="!Skin.String(OSDButtonsColor)">Skin.SetString(OSDButtonsColor,d9afafaf)</onload>
        <onload condition="!Skin.String(OSDButtonsColor.name)">Skin.SetString(OSDButtonsColor.name,$LOCALIZE[767])</onload>
		<onload condition="!Skin.String(OSDBingieButtonsFocusColor)">Skin.SetString(OSDBingieButtonsFocusColor,ffffffff)</onload>
        <onload condition="!Skin.String(OSDBingieButtonsFocusColor.name)">Skin.SetString(OSDBingieButtonsFocusColor.name,$LOCALIZE[742])</onload>
        <onload condition="!Skin.String(OSDBingieButtonsColor)">Skin.SetString(OSDBingieButtonsColor,ffffffff)</onload>
        <onload condition="!Skin.String(OSDBingieButtonsColor.name)">Skin.SetString(OSDBingieButtonsColor.name,$LOCALIZE[742])</onload>
		<onload condition="!Skin.String(OSDVolumeButtonColor)">Skin.SetString(OSDVolumeButtonColor,ffe50914)</onload>
        <onload condition="!Skin.String(OSDVolumeButtonColor.name)">Skin.SetString(OSDVolumeButtonColor.name,$LOCALIZE[13343])</onload>
        <onload condition="!Skin.String(OSDBufferingSpinnerColor)">Skin.SetString(OSDBufferingSpinnerColor,ffe50914)</onload>
        <onload condition="!Skin.String(OSDBufferingSpinnerColor.name)">Skin.SetString(OSDBufferingSpinnerColor.name,$LOCALIZE[13343])</onload>
		<onload condition="!Skin.String(BingieOSDProgressBarBackgroundColor)">Skin.SetString(BingieOSDProgressBarBackgroundColor,27ffffff)</onload>
        <onload condition="!Skin.String(BingieOSDProgressBarBackgroundColor.name)">Skin.SetString(BingieOSDProgressBarBackgroundColor.name,$LOCALIZE[768])</onload>
		<onload condition="!Skin.String(BingieOSDProgressBarColor)">Skin.SetString(BingieOSDProgressBarColor,ffe50914)</onload>
        <onload condition="!Skin.String(BingieOSDProgressBarColor.name)">Skin.SetString(BingieOSDProgressBarColor.name,$LOCALIZE[13343])</onload>
		<onload condition="!Skin.String(BingieOSDProgressBarCacheColor)">Skin.SetString(BingieOSDProgressBarCacheColor,80e50914)</onload>
        <onload condition="!Skin.String(BingieOSDProgressBarCacheColor.name)">Skin.SetString(BingieOSDProgressBarCacheColor.name,$LOCALIZE[31539])</onload>
		<onload condition="!Skin.String(BingieOSDTextColor)">Skin.SetString(BingieOSDTextColor,ffffffff)</onload>
        <onload condition="!Skin.String(BingieOSDTextColor.name)">Skin.SetString(BingieOSDTextColor.name,$LOCALIZE[742])</onload>				
		<onload condition="!Skin.String(BingieOSDPlotTextColor)">Skin.SetString(BingieOSDPlotTextColor,b3ffffff)</onload>
        <onload condition="!Skin.String(BingieOSDPlotTextColor.name)">Skin.SetString(BingieOSDPlotTextColor.name,$LOCALIZE[766])</onload>
		<onload condition="!Skin.String(BingieOSDSubLabelTextColor)">Skin.SetString(BingieOSDSubLabelTextColor,ffffffff)</onload>
        <onload condition="!Skin.String(BingieOSDSubLabelTextColor.name)">Skin.SetString(BingieOSDSubLabelTextColor.name,$LOCALIZE[742])</onload>
		<onload condition="!Skin.String(BingieOSDLabelTextColor)">Skin.SetString(BingieOSDLabelTextColor,ffffffff)</onload>
        <onload condition="!Skin.String(BingieOSDLabelTextColor.name)">Skin.SetString(BingieOSDLabelTextColor.name,$LOCALIZE[742])</onload>
		<onload condition="!Skin.String(BingieOSDDeatailsTextColor)">Skin.SetString(BingieOSDDeatailsTextColor,a6ffffff)</onload>
        <onload condition="!Skin.String(BingieOSDDeatailsTextColor.name)">Skin.SetString(BingieOSDDeatailsTextColor.name,$LOCALIZE[766])</onload>
        <onload condition="!Skin.String(ScrollbarBackgroundColor)">Skin.SetString(ScrollbarBackgroundColor,ff141414)</onload>
        <onload condition="!Skin.String(ScrollbarBackgroundColor.name)">Skin.SetString(ScrollbarBackgroundColor.name,$LOCALIZE[31279])</onload>
        <onload condition="!Skin.String(ScrollbarUnfocusedColor)">Skin.SetString(ScrollbarUnfocusedColor,ff5f5f5f)</onload>
        <onload condition="!Skin.String(ScrollbarUnfocusedColor.name)">Skin.SetString(ScrollbarUnfocusedColor.name,$LOCALIZE[768])</onload>
        <onload condition="!Skin.String(ScrollbarFocusedColor)">Skin.SetString(ScrollbarFocusedColor,ffb4b4b4)</onload>
        <onload condition="!Skin.String(ScrollbarFocusedColor.name)">Skin.SetString(ScrollbarFocusedColor.name,$LOCALIZE[766])</onload>
		<onload condition="!Skin.String(BingiePlotTextColor)">Skin.SetString(BingiePlotTextColor,b3ffffff)</onload>
        <onload condition="!Skin.String(BingiePlotTextColor.name)">Skin.SetString(BingiePlotTextColor.name,$LOCALIZE[766])</onload>
		<onload condition="!Skin.String(BingieDeatailsTextColor)">Skin.SetString(BingieDeatailsTextColor,a6ffffff)</onload>
        <onload condition="!Skin.String(BingieDeatailsTextColor.name)">Skin.SetString(BingieDeatailsTextColor.name,$LOCALIZE[766])</onload>
		<onload condition="!Skin.String(BingieHeaderTextColor)">Skin.SetString(BingieHeaderTextColor,ffffffff)</onload>
        <onload condition="!Skin.String(BingieHeaderTextColor.name)">Skin.SetString(BingieHeaderTextColor.name,$LOCALIZE[742])</onload>
		<onload condition="!Skin.String(BingieSpotlightPlotTextColor)">Skin.SetString(BingieSpotlightPlotTextColor,ffffffff)</onload>
        <onload condition="!Skin.String(BingieSpotlightPlotTextColor.name)">Skin.SetString(BingieSpotlightPlotTextColor.name,$LOCALIZE[742])</onload>
		<onload condition="!Skin.String(BingieDialogAdditionalInfoTextColor)">Skin.SetString(BingieDialogAdditionalInfoTextColor,80ffffff)</onload>
        <onload condition="!Skin.String(BingieDialogAdditionalInfoTextColor.name)">Skin.SetString(BingieDialogAdditionalInfoTextColor.name,$LOCALIZE[767])</onload>
		<onload condition="!Skin.String(BingieDialogAdditionalInfoIconColor)">Skin.SetString(BingieDialogAdditionalInfoIconColor,80ffffff)</onload>
        <onload condition="!Skin.String(BingieDialogAdditionalInfoIconColor.name)">Skin.SetString(BingieDialogAdditionalInfoIconColor.name,$LOCALIZE[767])</onload>
		<onload condition="!Skin.String(BingieButtonFocusTextColor)">Skin.SetString(BingieButtonFocusTextColor,ffffffff)</onload>
        <onload condition="!Skin.String(BingieButtonFocusTextColor.name)">Skin.SetString(BingieButtonFocusTextColor.name,$LOCALIZE[742])</onload>
		<onload condition="!Skin.String(BingieButtonTextColor)">Skin.SetString(BingieButtonTextColor,a6ffffff)</onload>
        <onload condition="!Skin.String(BingieButtonTextColor.name)">Skin.SetString(BingieButtonTextColor.name,$LOCALIZE[766])</onload>
		<onload condition="!Skin.String(BingieSecondaryButtonFocusTextColor)">Skin.SetString(BingieSecondaryButtonFocusTextColor,ff000000)</onload>
        <onload condition="!Skin.String(BingieSecondaryButtonFocusTextColor.name)">Skin.SetString(BingieSecondaryButtonFocusTextColor.name,$LOCALIZE[353])</onload>
		<onload condition="!Skin.String(BingieProgressBarColor)">Skin.SetString(BingieProgressBarColor,ffe50914)</onload>
        <onload condition="!Skin.String(BingieProgressBarColor.name)">Skin.SetString(BingieProgressBarColor.name,$LOCALIZE[13343])</onload>
		<onload condition="!Skin.String(BingieProgressBarBackgroundColor)">Skin.SetString(BingieProgressBarBackgroundColor,ff929699)</onload>
        <onload condition="!Skin.String(BingieProgressBarBackgroundColor.name)">Skin.SetString(BingieProgressBarBackgroundColor.name,$LOCALIZE[767])</onload>
		<onload condition="!Skin.String(BingieHomeProgressBarTextColor)">Skin.SetString(BingieHomeProgressBarTextColor,a6ffffff)</onload>
        <onload condition="!Skin.String(BingieHomeProgressBarTextColor.name)">Skin.SetString(BingieHomeProgressBarTextColor.name,$LOCALIZE[766])</onload>
		<onload condition="!Skin.String(BackgroundColor)">Skin.SetString(BackgroundColor,ff000000)</onload>
        <onload condition="!Skin.String(BackgroundColor.name)">Skin.SetString(BackgroundColor.name,$LOCALIZE[353])</onload>
		<onload condition="!Skin.String(SpinnerTextureColor)">Skin.SetString(SpinnerTextureColor,ffe50914)</onload>
		<onload condition="!Skin.String(SpinnerTexture.name)">Skin.SetString(SpinnerTextureColor.name,$LOCALIZE[13343])</onload>
		<onload condition="!Skin.String(WidgetSpinnerTextureColor)">Skin.SetString(WidgetSpinnerTextureColor,ffffffff)</onload>
		<onload condition="!Skin.String(WidgetSpinnerTexture.name)">Skin.SetString(WidgetSpinnerTextureColor.name,$LOCALIZE[742])</onload>
		<onload condition="!Skin.String(defaultcolorpalette.label)">Skin.SetString(defaultcolorpalette.label,$ADDON[script.skin.helper.colorpicker 32142])</onload>
        <onload condition="!Skin.String(defaultcolorpalette)">Skin.SetString(defaultcolorpalette,basic)</onload>
		<onload condition="!Skin.String(SideBladePanelColor) + Skin.String(GeneralPanelsColor.base)">Skin.SetString(SideBladePanelColor,$INFO[Skin.String(GeneralPanelsColor.base)])</onload>
        <onload condition="!Skin.String(SideBladePanelColor.name) + Skin.String(GeneralPanelsColor.base)">Skin.SetString(SideBladePanelColor.name,$INFO[Skin.String(GeneralPanelsColor.name)])</onload>
        <onload condition="!Skin.String(SideBladePanelColor) + !Skin.String(GeneralPanelsColor.base)">Skin.SetString(SideBladePanelColor,fa0a0a0a)</onload>
        <onload condition="!Skin.String(SideBladePanelColor.name) + !Skin.String(GeneralPanelsColor.base)">Skin.SetString(SideBladePanelColor.name,$LOCALIZE[353])</onload>
        <onload condition="!Skin.String(TagOverlaysPanelColor)">Skin.SetString(TagOverlaysPanelColor,dd000000)</onload>
        <onload condition="!Skin.String(TagOverlaysPanelColor.name)">Skin.SetString(TagOverlaysPanelColor.name,$LOCALIZE[353])</onload>
        <onload condition="!Skin.String(TagOverlaysTextColor)">Skin.SetString(TagOverlaysTextColor,ffffffff)</onload>
        <onload condition="!Skin.String(TagOverlaysTextColor.name)">Skin.SetString(TagOverlaysTextColor.name,$LOCALIZE[742])</onload>
        <onload condition="!Skin.String(LyricsOverlayColor)">Skin.SetString(LyricsOverlayColor,4d000000)</onload>
        <onload condition="!Skin.String(LyricsOverlayColor.name)">Skin.SetString(LyricsOverlayColor.name,$LOCALIZE[767])</onload>
        <onload condition="!Skin.String(LyricsTextColor)">Skin.SetString(LyricsTextColor,aaffffff)</onload>
        <onload condition="!Skin.String(LyricsTextColor.name)">Skin.SetString(LyricsTextColor.name,$LOCALIZE[742])</onload>
        <onload condition="!Skin.String(LyricsTextShadowColor)">Skin.SetString(LyricsTextShadowColor,None)</onload>
        <onload condition="!Skin.String(LyricsTextShadowColor.name)">Skin.SetString(LyricsTextShadowColor.name,$LOCALIZE[231])</onload>
        <onload condition="!Skin.String(LyricsFocusTextColor)">Skin.SetString(LyricsFocusTextColor,ffffffff)</onload>
        <onload condition="!Skin.String(LyricsFocusTextColor.name)">Skin.SetString(LyricsFocusTextColor.name,$LOCALIZE[742])</onload>
        <onload condition="!Skin.String(LyricsFocusTextShadowColor)">Skin.SetString(LyricsFocusTextShadowColor,None)</onload>
        <onload condition="!Skin.String(LyricsFocusTextShadowColor.name)">Skin.SetString(LyricsFocusTextShadowColor.name,$LOCALIZE[231])</onload>       
        <onload condition="!Skin.String(MainMenuTextColor)">Skin.SetString(MainMenuTextColor,80ffffff)</onload>
        <onload condition="!Skin.String(MainMenuTextColor.name)">Skin.SetString(MainMenuTextColor.name,$LOCALIZE[767])</onload>
        <onload condition="!Skin.String(MainMenuFocusTextColor) + !Skin.String(MainMenuFocusTextColor.name)">Skin.SetString(MainMenuFocusTextColor.name,$LOCALIZE[742])</onload>
        <onload condition="!Skin.String(MainMenuFocusTextColor)">Skin.SetString(MainMenuFocusTextColor,ffffffff)</onload>
        <onload condition="!Skin.String(ActiveSpinControlColor) + !Skin.String(ActiveSpinControlColor.name)">Skin.SetString(ActiveSpinControlColor.name,$LOCALIZE[13343])</onload>
        <onload condition="!Skin.String(ActiveSpinControlColor)">Skin.SetString(ActiveSpinControlColor,ffe50914)</onload>
		<onload condition="!Skin.String(ProgressBarColor) + !Skin.String(ProgressBarColor.name)">Skin.SetString(ProgressBarColor.name,$LOCALIZE[13343])</onload>
        <onload condition="!Skin.String(ProgressBarColor)">Skin.SetString(ProgressBarColor,ffe50914)</onload>
        <!-- watched indicator colors -->
        <onload condition="!Skin.String(WatchedIndicator.Watched.Color)">Skin.SetString(WatchedIndicator.Watched.Color,e6e50914)</onload>
        <onload condition="!Skin.String(WatchedIndicator.Watched.Color.name)">Skin.SetString(WatchedIndicator.Watched.Color.name,$LOCALIZE[31539])</onload>
        <onload condition="!Skin.String(WatchedIndicator.Watched.TextColor)">Skin.SetString(WatchedIndicator.Watched.TextColor,ffffffff)</onload>
        <onload condition="!Skin.String(WatchedIndicator.Watched.TextColor.name)">Skin.SetString(WatchedIndicator.Watched.TextColor.name,$LOCALIZE[742])</onload>
        <onload condition="!Skin.String(WatchedIndicator.UnWatched.Color)">Skin.SetString(WatchedIndicator.UnWatched.Color,e6e50914)</onload>
        <onload condition="!Skin.String(WatchedIndicator.UnWatched.Color.name)">Skin.SetString(WatchedIndicator.UnWatched.Color.name,$LOCALIZE[31539])</onload>
        <onload condition="!Skin.String(WatchedIndicator.UnWatched.TextColor)">Skin.SetString(WatchedIndicator.UnWatched.TextColor,ffffffff)</onload>
        <onload condition="!Skin.String(WatchedIndicator.UnWatched.TextColor.name)">Skin.SetString(WatchedIndicator.UnWatched.TextColor.name,$LOCALIZE[742])</onload>
        <onload condition="!Skin.String(WatchedIndicator.Progress.Color)">Skin.SetString(WatchedIndicator.Progress.Color,e6e50914)</onload>
        <onload condition="!Skin.String(WatchedIndicator.Progress.Color.name)">Skin.SetString(WatchedIndicator.Progress.Color.name,$LOCALIZE[31539])</onload>
        <onload condition="!Skin.String(WatchedIndicator.Progress.TextColor)">Skin.SetString(WatchedIndicator.Progress.TextColor,ffffffff)</onload>
        <onload condition="!Skin.String(WatchedIndicator.Progress.TextColor.name)">Skin.SetString(WatchedIndicator.Progress.TextColor.name,$LOCALIZE[742])</onload>
        <onload condition="!Skin.String(WatchedIndicator.Sets.Color)">Skin.SetString(WatchedIndicator.Sets.Color,ffffbf00)</onload>
        <onload condition="!Skin.String(WatchedIndicator.Sets.Color.name)">Skin.SetString(WatchedIndicator.Sets.Color.name,$LOCALIZE[31474])</onload>
        <onload condition="!Skin.String(WatchedIndicator.Sets.TextColor)">Skin.SetString(WatchedIndicator.Sets.TextColor,ffffffff)</onload>
        <onload condition="!Skin.String(WatchedIndicator.Sets.TextColor.name)">Skin.SetString(WatchedIndicator.Sets.TextColor.name,$LOCALIZE[742])</onload>
        <onload condition="!Skin.String(WatchedIndicator.Episodes.Color)">Skin.SetString(WatchedIndicator.Episodes.Color,e6e50914)</onload>
        <onload condition="!Skin.String(WatchedIndicator.Episodes.Color.name)">Skin.SetString(WatchedIndicator.Episodes.Color.name,$LOCALIZE[31539])</onload>
        <onload condition="!Skin.String(WatchedIndicator.Episodes.TextColor)">Skin.SetString(WatchedIndicator.Episodes.TextColor,ffffffff)</onload>
        <onload condition="!Skin.String(WatchedIndicator.Episodes.TextColor.name)">Skin.SetString(WatchedIndicator.Episodes.TextColor.name,$LOCALIZE[742])</onload>
        <onload condition="!Skin.String(WatchedIndicator.Playing.Color)">Skin.SetString(WatchedIndicator.Playing.Color,e6181818)</onload>
        <onload condition="!Skin.String(WatchedIndicator.Playing.Color.name)">Skin.SetString(WatchedIndicator.Playing.Color.name,$LOCALIZE[767])</onload>
        <onload condition="!Skin.String(WatchedIndicator.Playing.TextColor)">Skin.SetString(WatchedIndicator.Playing.TextColor,ffffffff)</onload>
        <onload condition="!Skin.String(WatchedIndicator.Playing.TextColor.name)">Skin.SetString(WatchedIndicator.Playing.TextColor.name,$LOCALIZE[742])</onload>       
		<!-- MPAA colors -->
		<onload condition="!Skin.String(GPanelColor)">Skin.SetString(GPanelColor,ff0ac700)</onload>
        <onload condition="!Skin.String(GPanelColor.name)">Skin.SetString(GPanelColor.name,$LOCALIZE[13341])</onload>
        <onload condition="!Skin.String(PGPanelColor)">Skin.SetString(PGPanelColor,fffbad00)</onload>
        <onload condition="!Skin.String(PGPanelColor.name)">Skin.SetString(PGPanelColor.name,$LOCALIZE[743])</onload>
        <onload condition="!Skin.String(PG13PanelColor)">Skin.SetString(PG13PanelColor,ffff7d13)</onload>
        <onload condition="!Skin.String(PG13PanelColor.name)">Skin.SetString(PG13PanelColor.name,$LOCALIZE[13342])</onload>
		<onload condition="!Skin.String(RPanelColor)">Skin.SetString(RPanelColor,ffdc0a0a)</onload>
        <onload condition="!Skin.String(RPanelColor)">Skin.SetString(RPanelColor.name,$LOCALIZE[13343])</onload>
		<onload condition="!Skin.String(NC17PanelColor)">Skin.SetString(NC17PanelColor,ffFB4F93)</onload>
        <onload condition="!Skin.String(NC17PanelColor)">Skin.SetString(NC17PanelColor.name,$LOCALIZE[31029])</onload>
		<onload condition="!Skin.String(NRPanelColor)">Skin.SetString(NRPanelColor,ff006ed2)</onload>
        <onload condition="!Skin.String(NRPanelColor)">Skin.SetString(NRPanelColor.name,$LOCALIZE[762])</onload>
		<onload condition="!Skin.String(PanelBorderColor)">Skin.SetString(PanelBorderColor,ffffffff)</onload>
		<onload condition="!Skin.String(PanelBorderColor)">Skin.SetString(PanelBorderColor.name,$LOCALIZE[742])</onload>
		<onload condition="!Skin.String(MPAATextColor)">Skin.SetString(MPAATextColor,ffffffff)</onload>
		<onload condition="!Skin.String(MPAATextColor)">Skin.SetString(MPAATextColor.name,$LOCALIZE[742])</onload>
        <!-- pvr colors -->
        <onload condition="!Skin.String(PVRGuideItemColorUnfocus)">Skin.SetString(PVRGuideItemColorUnfocus,$INFO[Skin.String(ButtonColor)])</onload>
        <onload condition="!Skin.String(PVRGuideItemColorUnfocus.name)">Skin.SetString(PVRGuideItemColorUnfocus.name,$INFO[Skin.String(ButtonColor.name)])</onload>
        <onload condition="!Skin.String(PVRGuideItemColorFocus)">Skin.SetString(PVRGuideItemColorFocus,$INFO[Skin.String(ButtonFocusColor)])</onload>
        <onload condition="!Skin.String(PVRGuideItemColorFocus.name)">Skin.SetString(PVRGuideItemColorFocus.name,$INFO[Skin.String(ButtonFocusColor.name)])</onload>
        <onload condition="!Skin.String(PVRGuideItemTextColorUnfocus)">Skin.SetString(PVRGuideItemTextColorUnfocus,$INFO[Skin.String(ButtonTextColor)])</onload>
        <onload condition="!Skin.String(PVRGuideItemTextColorUnfocus.name)">Skin.SetString(PVRGuideItemTextColorUnfocus.name,$INFO[Skin.String(ButtonTextColor.name)])</onload>
        <onload condition="!Skin.String(PVRGuideItemTextColorFocus)">Skin.SetString(PVRGuideItemTextColorFocus,$INFO[Skin.String(ButtonFocusTextColor)])</onload>
        <onload condition="!Skin.String(PVRGuideItemTextColorFocus.name)">Skin.SetString(PVRGuideItemTextColorFocus.name,$INFO[Skin.String(ButtonFocusTextColor.name)])</onload>
		<!-- bingie toolbox start up -->
		<onload condition="!Skin.String(widgetstyle)">Skin.SetString(widgetstyle,poster)</onload>
        <onload condition="!Skin.String(widgetstyle.label)">Skin.SetString(widgetstyle.label,$LOCALIZE[20021])</onload>
		<onload condition="!Skin.String(layout)">Skin.SetString(layout,PosterPanelBingie)</onload>
        <onload condition="!Skin.String(layout.label)">Skin.SetString(layout.label,$LOCALIZE[20021])</onload>
		<onload condition="!Skin.String(widgetlimit)">Skin.SetString(widgetlimit,$INFO[Skin.String(WidgetsGlobalLimit)])</onload>
        <onload condition="!Skin.String(widgetlimit.label)">Skin.SetString(widgetlimit.label,$$LOCALIZE[571])</onload>
		<onload condition="!Skin.String(mediaflagsstyle)">Skin.SetString(mediaflagsstyle,disabled)</onload>
        <onload condition="!Skin.String(mediaflagsstyle.label)">Skin.SetString(mediaflagsstyle.label,$LOCALIZE[1223])</onload>
		<onload condition="!Skin.String(osdmediaflagsstyle)">Skin.SetString(osdmediaflagsstyle,large_color)</onload>
        <onload condition="!Skin.String(osdmediaflagsstyle.label)">Skin.SetString(osdmediaflagsstyle.label,$LOCALIZE[31090])</onload>
		<onload condition="!Skin.String(GuideRows)">Skin.SetString(GuideRows,9)</onload>
        <onload condition="!Skin.String(GuideRows.label)">Skin.SetString(GuideRows.label,9 [LOWERCASE]$LOCALIZE[455][/LOWERCASE])</onload>
        <onload condition="!Skin.String(CustomBackgroundSetting.label)">Skin.SetString(CustomBackgroundSetting.label,None)</onload>
		<onload condition="!Skin.String(main_auto_trailer_interval)">Skin.SetString(main_auto_trailer_interval,3)</onload>
        <onload condition="!Skin.String(main_auto_trailer_interval.label)">Skin.SetString(main_auto_trailer_interval.label,3 $LOCALIZE[31231])</onload>
		<onload condition="!Skin.String(details_auto_trailer_interval)">Skin.SetString(details_auto_trailer_interval,3)</onload>
        <onload condition="!Skin.String(details_auto_trailer_interval.label)">Skin.SetString(details_auto_trailer_interval.label,3 $LOCALIZE[31231])</onload>
		<onload condition="!Skin.String(ThumbsUpRateValue)">Skin.SetString(ThumbsUpRateValue,8)</onload>
        <onload condition="!Skin.String(ThumbsUpRateValue.label)">Skin.SetString(ThumbsUpRateValue.label,8)</onload>
		<onload condition="!Skin.String(ThumbsDownRateValue)">Skin.SetString(ThumbsDownRateValue,3)</onload>
        <onload condition="!Skin.String(ThumbsDownRateValue.label)">Skin.SetString(ThumbsDownRateValue.label,3)</onload>
		<onload condition="!Skin.String(RandomFanartDelay)">Skin.SetString(RandomFanartDelay,30)</onload>
        <onload condition="!Skin.String(RandomFanartDelay.label)">Skin.SetString(RandomFanartDelay.label,30 $LOCALIZE[31231])</onload>
		<onload condition="!Skin.String(extrafanartdelay)">Skin.SetString(extrafanartdelay,5)</onload>
        <onload condition="!Skin.String(extrafanartdelay.label)">Skin.SetString(extrafanartdelay.label,5 $LOCALIZE[31231])</onload>
	    <onload condition="!Skin.String(MusicArtistLogo)">Skin.SetString(MusicArtistLogo,enabled)</onload>
        <onload condition="!Skin.String(MusicArtistLogo.label)">Skin.SetString(MusicArtistLogo.label,$LOCALIZE[31125])</onload>
		<onload condition="!Skin.String(ClearLogoLocation)">Skin.SetString(ClearLogoLocation,topcenter)</onload>
        <onload condition="!Skin.String(ClearLogoLocation.label)">Skin.SetString(ClearLogoLocation.label,$LOCALIZE[31330])</onload>
		<onload condition="!Skin.String(thumbsborder_focused)">Skin.SetString(thumbsborder_focused,4)</onload>
        <onload condition="!Skin.String(thumbsborder_focused.label)">Skin.SetString(thumbsborder_focused.label,4 $LOCALIZE[31298])</onload>
		<onload condition="!Skin.String(volumestyle)">Skin.SetString(volumestyle,modern)</onload>
        <onload condition="!Skin.String(volumestyle.label)">Skin.SetString(volumestyle.label,$LOCALIZE[31228])</onload>
		<onload condition="!Skin.String(Widgets_DisplayTags)">Skin.SetString(Widgets_DisplayTags,disable)</onload>
        <onload condition="!Skin.String(Widgets_DisplayTags.label)">Skin.SetString(Widgets_DisplayTags.label,$LOCALIZE[1223])</onload>
		<onload condition="!Skin.String(Views_DisplayTags)">Skin.SetString(Views_DisplayTags,disable)</onload>
        <onload condition="!Skin.String(Views_DisplayTags.label)">Skin.SetString(Views_DisplayTags.label,$LOCALIZE[1223])</onload>
		<onload condition="!Skin.String(force_tags)">Skin.SetString(force_tags,false)</onload>
        <onload condition="!Skin.String(force_tags.label)">Skin.SetString(force_tags.label,$LOCALIZE[1223])</onload>
		<onload condition="!Skin.String(View513_DisplayInfo)">Skin.SetString(View513_DisplayInfo,disable)</onload>
        <onload condition="!Skin.String(View513_DisplayInfo.label)">Skin.SetString(View513_DisplayInfo.label,$LOCALIZE[1223])</onload>
		<onload condition="!Skin.String(View514_DisplayInfo)">Skin.SetString(View514_DisplayInfo,disable)</onload>
        <onload condition="!Skin.String(View514_DisplayInfo.label)">Skin.SetString(View514_DisplayInfo.label,$LOCALIZE[1223])</onload>
		<onload condition="!Skin.String(cast_number)">Skin.SetString(cast_number,20)</onload>
        <onload condition="!Skin.String(cast_number.label)">Skin.SetString(cast_number.label,20 [LOWERCASE]$LOCALIZE[29994][/LOWERCASE])</onload>
		<onload condition="!Skin.String(splash_screen)">Skin.SetString(splash_screen,bingie_default)</onload>
        <onload condition="!Skin.String(splash_screen.label)">Skin.SetString(splash_screen.label,$LOCALIZE[31152])</onload>
		<onload condition="!Skin.String(season_greetings)">Skin.SetString(season_greetings,none)</onload>
        <onload condition="!Skin.String(season_greetings.label)">Skin.SetString(season_greetings.label,$LOCALIZE[231])</onload>
		<onload condition="!Skin.String(scrollbar_visibility)">Skin.SetString(scrollbar_visibility,)</onload>
        <onload condition="!Skin.String(scrollbar_visibility.label)">Skin.SetString(scrollbar_visibility.label,$LOCALIZE[571])</onload>
		<onload condition="!Skin.String(categories_types)">Skin.SetString(categories_types,Auto)</onload>
        <onload condition="!Skin.String(categories_types.label)">Skin.SetString(categories_types.label,$LOCALIZE[31490])</onload>
		<onload condition="!Skin.String(list_filter)">Skin.SetString(list_filter,none)</onload>
        <onload condition="!Skin.String(list_filter.label)">Skin.SetString(list_filter.label,$LOCALIZE[231])</onload>
		<onload condition="!Skin.String(general_header)">Skin.SetString(general_header,disable)</onload>
        <onload condition="!Skin.String(general_header.label)">Skin.SetString(general_header.label,$LOCALIZE[1223])</onload>
		<onload condition="!Skin.String(home_header)">Skin.SetString(home_header,disable)</onload>
        <onload condition="!Skin.String(home_header.label)">Skin.SetString(home_header.label,$LOCALIZE[1223])</onload>
		<onload condition="!Skin.String(MusicBackground)">Skin.SetString(MusicBackground,special://skin/resources/fanart.jpg)</onload>
        <onload condition="!Skin.String(MusicBackground.label)">Skin.SetString(MusicBackground.label,$LOCALIZE[571])</onload>
		<onload condition="!Skin.String(mpaa_style)">Skin.SetString(mpaa_style,default)</onload>
        <onload condition="!Skin.String(mpaa_style.label)">Skin.SetString(mpaa_style.label,$LOCALIZE[571])</onload>
		<onload condition="!Skin.String(skin.forcedview.movies)">Skin.SetString(skin.forcedview.movies,$LOCALIZE[31027])</onload>
		<onload condition="!Skin.String(skin.forcedview.sets)">Skin.SetString(skin.forcedview.sets,$LOCALIZE[31027])</onload>
		<onload condition="!Skin.String(skin.forcedview.tvshows)">Skin.SetString(skin.forcedview.tvshows,$LOCALIZE[31027])</onload>
		<onload condition="!Skin.String(skin.forcedview.seasons)">Skin.SetString(skin.forcedview.seasons,$LOCALIZE[31095])</onload>
		<onload condition="!Skin.String(skin.forcedview.episodes)">Skin.SetString(skin.forcedview.episodes,$LOCALIZE[31318])</onload>
		<onload condition="!Skin.String(skin.forcedview.songs)">Skin.SetString(skin.forcedview.songs,$LOCALIZE[31122])</onload>
		<onload condition="!Skin.String(skin.forcedview.artists)">Skin.SetString(skin.forcedview.artists,$LOCALIZE[31122])</onload>
		<onload condition="!Skin.String(skin.forcedview.albums)">Skin.SetString(skin.forcedview.albums,$LOCALIZE[31122])</onload>
		<onload condition="!Skin.String(AutoCloseVideoOSDTime)">Skin.SetString(AutoCloseVideoOSDTime,5)</onload>
        <onload condition="!Skin.String(AutoCloseVideoOSDTime)">Skin.SetString(AutoCloseVideoOSDTime.label,5 $LOCALIZE[31231])</onload>
		
        <!-- finish default settings -->
        <onload condition="!Skin.HasSetting(HomeMenuDefaults46)">Skin.SetBool(HomeMenuDefaults46)</onload>
    </include>
</includes>
