<?xml version="1.0" encoding="UTF-8" standalone="yes"?>
<addon id="repository.bingie" name="Bingie Repository" provider-name="matke" version="1.0.0">
	<extension point="xbmc.addon.repository" name="Bingie Repository">
		<requires>
			<import addon="xbmc.addon" version="12.0.0"/>
		</requires>
		<dir minversion="20.9.1">
			<info compressed="false">https://raw.githubusercontent.com/matke-84/repository.bingie/main/omega/addons.xml</info>
			<checksum>https://raw.githubusercontent.com/matke-84/repository.bingie/main/omega/addons.xml.md5</checksum>
			<datadir zip="true">https://raw.githubusercontent.com/matke-84/repository.bingie/main/omega/</datadir>
		</dir>
	</extension>
	<extension point="xbmc.addon.metadata">
		<summary lang="en">Bingie Repository</summary>
        <description lang="en">A repository for Bingie skin.</description>
        <disclaimer></disclaimer>
        <platform>all</platform>
        <assets>
            <icon>icon.png</icon>
            <fanart>fanart.jpg</fanart>
        </assets>
	</extension>
</addon>