<?xml version="1.0" encoding="utf-8"?>
<!-- BINGIE -->
<shortcuts>
    <shortcut>
        <label>$VAR[DefMusicHub3Name]</label>
        <label2 />
        <icon />
        <thumb />
        <action>special://skin/extras/widgetplaylists/recentlyaddedalbums.xsp</action>
    </shortcut>
    <shortcut>
        <label>$LOCALIZE[31131]</label>
        <label2 />
        <icon />
        <thumb />
        <action>special://skin/extras/widgetplaylists/recentlyaddedartists.xsp</action>
    </shortcut>
    <shortcut>
        <label>$LOCALIZE[31211]</label>
        <label2 />
        <icon />
        <thumb />
        <action>special://skin/extras/widgetplaylists/recentlyaddedsongs.xsp</action>
    </shortcut>
    
</shortcuts>
