<?xml version='1.0' encoding='UTF-8'?>
<shortcuts>
	<shortcut>
		<label>$LOCALIZE[342]</label>
		<label2 />
        <icon />
        <thumb />
		<action>DefaultSearch-Movies</action>
	</shortcut>
	<shortcut>
		<label>$LOCALIZE[31590]</label>
		<label2 />
        <icon />
        <thumb />
		<action>DefaultSearch-TvShows</action>
	</shortcut>
	<shortcut>
		<label>$LOCALIZE[20360]</label>
		<label2 />
        <icon />
        <thumb />
		<action>DefaultSearch-Episodes</action>
	</shortcut>
</shortcuts>
